pairIndex,resIndex1,resIndex2,bp_type
int,int,int,varchar(6)
1,2,3048,cWW
2,3,3047,cWW
3,4,3045,ncWW
4,5,3045,cWW
5,6,3044,cWW
6,7,3043,cWW
7,8,3042,cWW
8,9,2744,ntHS
9,13,563,ntSH
10,14,2167,ntWS
11,15,562,ntHS
12,16,561,cWW
13,17,560,cWW
14,18,559,cWW
15,19,558,cWW
16,20,557,cWW
17,21,556,cWW
18,22,555,cWW
19,23,554,cWW
20,24,553,cWW
21,25,552,ntSH
22,26,551,tSH
23,27,550,tSH
24,28,549,tHS
25,29,1357,cSS
26,29,548,cWW
27,30,1356,cSS
28,30,547,cWW
29,31,513,cWW
30,31,1356,ncSS
31,32,512,cWW
32,33,486,tWH
33,35,484,cWW
34,35,488,ntSS
35,35,489,tSS
36,36,483,cWW
37,37,481,cWW
38,38,480,cWW
39,38,479,ncSW
40,39,479,cWW
41,40,478,cWW
42,41,477,cWW
43,42,476,cWW
44,43,475,ncWS
45,43,473,ntHW
46,44,475,ncSW
47,44,473,ncWW
48,45,473,cWW
49,45,170,ntSW
50,46,168,cWW
51,47,167,cWW
52,48,49,ncSH
53,48,166,ntSS
54,48,117,tSS
55,49,48,ncHS
56,51,117,ntSH
57,52,167,ntSS
58,52,118,tHH
59,53,116,tHS
60,54,115,cWW
61,55,114,cWW
62,55,125,ntSS
63,56,113,cWW
64,57,70,cWW
65,58,69,cWW
66,58,73,ntSS
67,59,68,cWW
68,59,67,ntWH
69,60,88,ncWH
70,60,66,ncWW
71,61,93,cWW
72,62,92,cWW
73,63,65,cSH
74,63,64,ncSH
75,64,63,ncHS
76,64,90,tWW
77,65,63,cHS
78,65,89,cWW
79,66,88,cWW
80,67,74,cWH
81,67,59,ntHW
82,70,73,ncSS
83,71,113,ncHS
84,72,110,ntWS
85,74,67,cHW
86,75,110,cWW
87,75,111,ncWW
88,76,109,cWW
89,77,108,cWW
90,78,107,cWW
91,79,106,cWW
92,80,105,cWW
93,81,104,cWW
94,82,104,ncWW
95,83,102,ntSH
96,84,101,tHS
97,85,97,cWW
98,85,102,tSS
99,86,96,cWW
100,87,95,cWW
101,88,60,ncHW
102,101,84,tSH
103,102,83,ntHS
104,106,332,ncSH
105,110,72,ntSW
106,113,71,ncSH
107,116,53,tSH
108,117,167,ncSS
109,117,51,ntHS
110,119,166,ntWH
111,120,128,cWW
112,121,127,cWW
113,122,126,ncWW
114,129,144,cWW
115,130,143,cWW
116,131,142,cWW
117,132,141,cWW
118,133,140,cWW
119,134,140,ncWW
120,134,139,ncWW
121,145,166,ncWH
122,145,165,ncWW
123,146,164,cWW
124,147,163,cWW
125,148,162,cWW
126,149,161,cWW
127,150,160,cWW
128,151,159,cWW
129,152,157,ncWW
130,153,158,ncSW
131,153,157,ncWW
132,153,156,ntSS
133,155,156,ncSS
134,157,159,ncSH
135,158,153,ncWS
136,159,157,ncHS
137,166,145,ncHW
138,166,119,ntHW
139,169,203,ntSH
140,170,473,ncSS
141,170,45,ntWS
142,171,204,cWW
143,171,472,ncSS
144,172,472,cSS
145,172,203,cWW
146,173,201,cWW
147,174,200,cWW
148,175,199,cWW
149,176,198,cWW
150,176,1507,ncSS
151,177,197,cWW
152,178,196,tSH
153,179,812,cSS
154,179,195,tHW
155,180,811,cSS
156,180,193,tHH
157,180,934,tSS
158,181,935,ntSH
159,182,191,cWW
160,183,190,cWW
161,183,240,ncSS
162,183,189,ntWH
163,184,239,ncSS
164,184,189,tSH
165,185,967,ntWS
166,185,966,tWS
167,186,2549,ntSH
168,186,188,ntWH
169,187,237,cWW
170,187,2548,ncSH
171,187,2549,ntSH
172,188,186,ntHW
173,189,183,ntHW
174,189,184,tHS
175,190,239,tSW
176,194,195,ncSH
177,195,194,ncHS
178,195,179,tWH
179,196,933,ncSS
180,196,813,ntSS
181,196,178,tHS
182,199,1507,ntSS
183,203,205,cSS
184,203,169,ntHS
185,204,472,ntSW
186,206,471,ntHW
187,207,471,ncWW
188,207,470,ntWH
189,208,223,cSS
190,208,470,ncWW
191,208,469,ntWH
192,209,222,cSS
193,209,468,ntSH
194,210,254,ncWS
195,210,466,ntHW
196,210,467,ntHW
197,212,461,ncSS
198,212,446,tSS
199,213,220,cWW
200,214,219,cWW
201,214,459,ntHS
202,215,458,cWS
203,215,448,ncHS
204,215,218,ntSH
205,217,449,tWS
206,218,215,ntHS
207,222,468,ntWW
208,222,253,tHS
209,222,469,tWW
210,223,251,ncWW
211,223,469,ntWW
212,223,252,tHS
213,223,470,tWW
214,224,251,ncWW
215,225,250,cWW
216,226,700,cSS
217,226,249,cWW
218,227,248,cWW
219,227,699,ncSS
220,227,717,tSS
221,228,247,ncWW
222,229,246,tSH
223,230,245,tHH
224,231,232,cSH
225,231,233,ncSH
226,232,231,cHS
227,232,244,tWH
228,233,231,ncHS
229,233,243,tHS
230,234,242,cWW
231,235,241,cWW
232,236,240,tSH
233,239,190,tWS
234,240,236,tHS
235,243,233,tSH
236,244,232,tHW
237,246,229,tHS
238,248,717,cSS
239,249,700,ntSS
240,250,700,ntSS
241,251,470,ncSS
242,252,469,cSS
243,252,470,ncSS
244,252,223,tSH
245,253,469,ncSS
246,253,222,tSH
247,254,210,ncSW
248,254,467,tSS
249,255,466,cWW
250,256,465,cWW
251,257,464,cWW
252,258,412,cWW
253,259,411,ncWS
254,259,299,tHW
255,260,411,ncSS
256,260,302,ncWH
257,260,298,tHS
258,261,303,ntSW
259,261,297,tHS
260,262,296,cWW
261,263,295,cWW
262,264,266,ncSH
263,264,294,tSH
264,265,290,ntSS
265,265,293,tHS
266,266,294,cWW
267,266,264,ncHS
268,267,289,cWW
269,268,288,cWW
270,269,287,cWW
271,270,286,cWW
272,271,285,cWW
273,272,284,cWW
274,273,283,cWW
275,274,282,cWW
276,275,281,cWW
277,276,280,tSH
278,277,395,ncWS
279,277,394,ncWW
280,279,322,ncSS
281,280,276,tHS
282,280,396,tSS
283,293,294,ncSH
284,293,265,tSH
285,294,293,ncHS
286,294,264,tHS
287,297,261,tSH
288,298,260,tSH
289,299,259,tWH
290,300,443,ncWW
291,302,260,ncHW
292,302,411,ntHW
293,303,408,ntHW
294,303,261,ntWS
295,307,405,cWW
296,308,404,cWW
297,308,403,ncWW
298,309,403,ncWW
299,311,402,cWW
300,312,401,ncWW
301,313,401,ncSW
302,317,399,ncWW
303,318,399,ntHW
304,319,398,cWW
305,320,397,cWW
306,321,396,cWW
307,322,395,cWW
308,323,394,cWW
309,325,393,cWW
310,326,392,cWW
311,327,391,cWW
312,328,390,cWW
313,329,389,cWW
314,330,388,cWW
315,331,387,tSH
316,332,106,ncHS
317,333,385,ntSH
318,334,383,cWW
319,335,382,cWW
320,336,381,ncWW
321,337,380,tSH
322,338,378,ncHH
323,338,360,ncSS
324,339,359,ncSS
325,339,373,ntSS
326,340,356,cWW
327,341,372,ncWW
328,342,355,cWW
329,343,354,cWW
330,344,353,cWW
331,345,352,cWW
332,346,350,tWH
333,347,370,ncSW
334,348,1354,ntHW
335,348,369,ntSS
336,349,1352,ntWW
337,350,371,ncWH
338,350,346,tHW
339,357,374,cWW
340,358,373,cWW
341,359,363,cWH
342,362,379,ncSW
343,363,359,cHW
344,364,378,tHS
345,365,377,cWW
346,366,376,cWW
347,367,375,cWW
348,368,372,tWH
349,370,347,ncWS
350,371,350,ncHW
351,372,368,tHW
352,378,364,tSH
353,379,362,ncWS
354,380,337,tHS
355,385,333,ntHS
356,387,331,tHS
357,395,277,ncSW
358,399,318,ntWH
359,401,313,ncWS
360,408,303,ntWH
361,411,259,ncSW
362,411,302,ntWH
363,413,414,ncSS
364,413,441,tHH
365,414,415,cSH
366,415,414,cHS
367,415,462,ncSS
368,415,463,ncSS
369,415,440,tWH
370,416,439,tHS
371,417,438,cWW
372,418,437,cWW
373,419,436,cWW
374,420,435,ncSW
375,420,436,ncWW
376,421,434,cWW
377,422,433,cWW
378,423,432,cWW
379,424,431,ncWW
380,428,2523,ntWW
381,429,2530,ntHS
382,435,420,ncWS
383,439,416,tSH
384,440,462,ntWW
385,440,415,tHW
386,441,445,ncSS
387,441,463,ntWW
388,441,462,ntWW
389,445,461,cWW
390,445,462,ntSH
391,446,460,cWW
392,447,459,cWW
393,448,458,cWW
394,448,215,ncSH
395,449,457,cWW
396,449,217,tSW
397,451,2529,cWW
398,452,2003,cSW
399,452,2528,cWW
400,453,2527,cWW
401,454,2526,cWW
402,455,2525,cWW
403,456,2524,cWW
404,458,215,cSW
405,459,214,ntSH
406,462,445,ntHS
407,466,210,ntWH
408,467,210,ntWH
409,468,209,ntHS
410,469,208,ntHW
411,470,207,ntHW
412,471,206,ntWH
413,472,204,ntWS
414,473,43,ntWH
415,474,475,ncSH
416,474,476,ntSW
417,475,474,ncHS
418,475,43,ncSW
419,475,44,ncWS
420,476,474,ntWS
421,479,38,ncWS
422,482,1387,ntSS
423,483,1390,ncSH
424,484,488,ncSS
425,485,493,tSW
426,486,33,tHW
427,487,1400,ncWS
428,487,673,ntWS
429,488,493,tWH
430,491,496,tSS
431,493,488,tHW
432,493,485,tWS
433,495,511,ntHS
434,496,510,tHH
435,497,498,cSH
436,498,497,cHS
437,498,509,tWH
438,499,508,tHS
439,500,507,cWW
440,501,506,cWW
441,502,505,ntSH
442,503,817,ncWS
443,504,816,ncSS
444,505,816,ncSS
445,505,502,ntHS
446,505,930,tSS
447,508,499,tSH
448,509,498,tHW
449,511,495,ntSH
450,514,542,ncSS
451,514,518,tWH
452,515,519,tSH
453,516,539,ntHH
454,517,539,ntHH
455,518,543,ntWS
456,518,514,tHW
457,518,540,tWW
458,519,540,ntWW
459,519,515,tHS
460,519,542,tWW
461,520,546,cWW
462,520,543,ntSS
463,521,536,ncSW
464,522,536,tHS
465,523,535,ncWW
466,524,534,cWW
467,525,533,cWW
468,526,532,ncWW
469,527,531,ntSH
470,531,527,ntHS
471,536,521,ncWS
472,536,522,tSH
473,537,542,ntSH
474,540,546,ncSS
475,542,537,ntHS
476,543,518,ntSW
477,549,28,tSH
478,550,27,tHS
479,551,672,cSS
480,551,1401,ntSS
481,551,26,tHS
482,552,671,ncSS
483,552,25,ntHS
484,552,1402,ntSS
485,562,15,ntSH
486,563,2167,ncSS
487,563,13,ntHS
488,563,2740,tSS
489,566,2164,ntHW
490,566,2163,ntHW
491,567,2144,ncSS
492,567,2157,ntSS
493,569,2158,cHS
494,569,2142,ncWS
495,570,651,cWW
496,571,650,cWW
497,572,649,cWW
498,573,648,cWW
499,574,647,cWW
500,575,646,cWW
501,576,645,cWW
502,577,644,cWW
503,578,643,cWW
504,579,642,cWW
505,580,641,tSH
506,582,1374,ncSS
507,582,1373,ncSS
508,582,1360,ntSS
509,583,1372,ncSS
510,583,1373,ncSS
511,583,1361,ntSS
512,584,640,cWW
513,585,639,cWW
514,586,638,ntSS
515,589,638,tSH
516,590,637,tHS
517,591,636,tHS
518,592,635,cWW
519,593,634,cWW
520,594,633,cWW
521,595,632,cWW
522,596,631,cWW
523,597,630,cWW
524,598,629,cWW
525,599,628,tSH
526,600,1299,ncSS
527,600,1129,ntSS
528,601,1298,cSS
529,601,627,tHS
530,601,1130,tSS
531,602,626,cWW
532,603,625,tSH
533,604,624,tHW
534,605,622,ntHH
535,606,621,tHS
536,607,620,cWW
537,608,619,cWW
538,609,618,cWW
539,610,617,cWW
540,611,616,cWW
541,612,615,ntSH
542,615,1147,cSS
543,615,1148,ncSS
544,615,612,ntHS
545,615,1288,tSS
546,621,606,tSH
547,623,624,cSH
548,624,623,cHS
549,624,604,tWH
550,625,603,tHS
551,627,601,tSH
552,628,1129,ncSS
553,628,599,tHS
554,636,591,tSH
555,637,590,tSH
556,638,639,ncSS
557,638,589,tHS
558,641,580,tHS
559,653,2156,cWW
560,654,669,ncWW
561,655,668,cWW
562,655,1395,ntSW
563,656,667,cWW
564,657,666,cWW
565,658,662,ntWH
566,659,2153,ncSW
567,660,1118,cSW
568,660,1083,ncSS
569,662,658,ntHW
570,663,2152,tWS
571,670,1403,cWW
572,671,1402,cWW
573,672,1401,cWW
574,673,1400,cWW
575,673,487,ntSW
576,674,1399,cWW
577,675,1398,cWW
578,675,1396,ncWW
579,676,1396,tSH
580,677,805,ncSS
581,677,1393,tHH
582,677,944,tSS
583,679,802,ntWS
584,679,803,tWS
585,680,801,cWW
586,681,800,cWW
587,682,799,cWW
588,683,798,cWW
589,684,797,cWW
590,685,796,cWW
591,686,795,cWW
592,687,794,cWW
593,688,793,cWW
594,689,792,cWW
595,690,791,cWW
596,691,790,cWW
597,692,789,cWW
598,695,720,cWW
599,696,719,cWW
600,697,718,cWW
601,698,717,ntWH
602,700,715,tHS
603,701,714,ncWW
604,702,714,cWW
605,703,713,cWW
606,703,712,ncWW
607,704,712,ncWW
608,705,711,ncSW
609,705,710,ntSH
610,706,709,ntSH
611,709,706,ntHS
612,710,705,ntHS
613,711,705,ncWS
614,715,700,tSH
615,716,717,ncSH
616,717,716,ncHS
617,717,698,ntHW
618,724,731,cWW
619,725,730,cWW
620,726,729,ntSH
621,727,2533,ncSS
622,727,2520,ntSS
623,729,726,ntHS
624,733,772,ncSS
625,733,771,ncSS
626,734,769,cWW
627,736,738,ncSH
628,737,786,cHW
629,737,768,cWW
630,738,767,cWW
631,738,736,ncHS
632,739,766,cWW
633,740,765,cWW
634,741,764,tSH
635,742,763,tWH
636,743,762,tHS
637,744,761,cWW
638,745,760,cWW
639,746,759,cWW
640,747,758,cWW
641,748,757,cWW
642,749,756,cWW
643,750,755,cWW
644,751,753,ntSH
645,753,751,ntHS
646,762,743,tSH
647,763,742,tHW
648,764,741,tHS
649,770,785,ncWW
650,771,784,cWW
651,772,783,cWW
652,773,782,cWW
653,774,781,cWW
654,775,780,ncWW
655,777,2487,ncHS
656,777,2486,ncHS
657,777,2462,ncWS
658,778,2486,ncSS
659,779,2463,ntSS
660,781,782,ncWH
661,782,781,ncHW
662,786,737,cWH
663,787,788,ncSH
664,788,787,ncHS
665,802,679,ntSW
666,803,679,tSW
667,804,944,cWW
668,804,945,ncWW
669,805,943,cWW
670,806,942,ncWW
671,807,941,cWW
672,808,2558,ncSS
673,808,938,ntHW
674,809,2557,cSS
675,809,937,ntHW
676,809,2192,ntSS
677,811,934,cWW
678,811,935,ntWW
679,812,933,cWW
680,813,932,cWW
681,814,931,cWW
682,815,930,cWW
683,816,929,cWW
684,817,503,ncSW
685,817,910,ntWH
686,818,821,tSW
687,818,913,tWS
688,820,1919,ntSH
689,821,921,cSS
690,821,818,tWS
691,822,908,cWW
692,823,907,cWW
693,824,906,cWW
694,825,1496,cSS
695,825,905,cWW
696,826,1495,cSS
697,826,904,cWW
698,826,1496,ncSS
699,827,903,cWW
700,827,902,ncWW
701,828,902,ncWW
702,829,901,cWW
703,830,900,cWW
704,830,869,ncSS
705,831,898,ncWH
706,832,1790,ncSS
707,832,866,tHS
708,833,865,cWW
709,834,864,cWW
710,835,863,cWW
711,836,861,cWW
712,836,860,ntSH
713,837,860,ntSH
714,838,859,ntHS
715,839,859,ntHS
716,839,858,tHS
717,840,857,cWW
718,841,856,cWW
719,842,855,cWW
720,843,854,cWW
721,844,853,cWW
722,845,852,cWW
723,846,851,cWW
724,847,849,ntSH
725,847,850,ntSH
726,849,847,ntHS
727,850,847,ntHS
728,858,839,tSH
729,859,838,ntSH
730,859,839,ntSH
731,860,836,ntHS
732,860,837,ntHS
733,862,1913,ncWW
734,866,832,tSH
735,867,893,ntWH
736,869,896,tHS
737,870,895,cWW
738,871,894,cWW
739,872,893,cWW
740,872,892,ncWS
741,872,2105,ntSW
742,873,874,cSH
743,873,875,ncSH
744,874,873,cHS
745,874,892,cWW
746,875,891,cWW
747,875,873,ncHS
748,876,890,cWW
749,878,889,cWW
750,879,888,cWW
751,880,885,tSW
752,881,883,ncSS
753,882,2138,cWS
754,882,2727,ncHS
755,884,888,ncWS
756,885,887,ncSS
757,885,880,tWS
758,888,884,ncSW
759,892,872,ncSW
760,893,2105,ncSS
761,893,867,ntHW
762,896,869,tSH
763,898,831,ncHW
764,899,1928,cWS
765,905,1496,tSS
766,908,913,cSS
767,909,912,ncSS
768,909,922,ntSS
769,910,926,cWW
770,910,817,ntHW
771,912,922,cWW
772,913,921,cWW
773,913,818,tSW
774,914,920,cWW
775,915,918,tSH
776,916,1915,tSS
777,918,915,tHS
778,919,921,ncSH
779,921,919,ncHS
780,925,929,ncHS
781,927,2195,ncSS
782,929,925,ncSH
783,935,181,ntHS
784,937,809,ntWH
785,938,808,ntWH
786,940,966,cSS
787,942,2183,cSW
788,943,1396,ncSS
789,947,1368,cSS
790,947,1338,cWW
791,948,1367,cSS
792,948,1337,cWW
793,948,1368,ncSS
794,949,1336,cWW
795,949,1367,ncSS
796,950,1335,cWW
797,951,1334,cWW
798,952,1333,cWW
799,953,1332,tSH
800,954,1331,tHW
801,954,1080,tSS
802,955,1108,ntHH
803,956,1107,ntHS
804,957,970,cWW
805,958,969,cWW
806,958,1081,ncHS
807,958,2475,ncSH
808,959,968,cWW
809,959,2475,ntSW
810,960,967,cWW
811,961,966,cWW
812,963,2359,ncWS
813,964,2360,ncHS
814,965,2189,cHS
815,965,2560,ncWS
816,966,185,tSW
817,967,185,ntSW
818,968,1081,tHW
819,970,2474,ncSS
820,972,1080,cWW
821,973,1078,cWW
822,974,1077,cWW
823,975,1076,cWW
824,976,1075,cWW
825,977,1074,cWW
826,978,1073,cWW
827,978,1072,ncWW
828,979,1072,ncWS
829,980,1071,tSH
830,981,1070,tHS
831,981,1067,tSS
832,982,1066,cWW
833,982,1071,tSS
834,983,1065,cWW
835,984,1064,cWW
836,984,985,ncSH
837,984,1063,ntSH
838,985,984,ncHS
839,985,1065,ncWS
840,985,1064,ntHS
841,986,1063,cWW
842,987,1062,cWW
843,988,1061,cWW
844,989,1060,cWW
845,990,1059,cWW
846,991,1058,cWW
847,992,1057,cWW
848,993,1056,cWW
849,994,1055,cWW
850,995,996,cSH
851,996,995,cHS
852,996,1053,tWH
853,997,1052,tHS
854,998,1051,cWW
855,999,1049,cWW
856,999,1050,ntSH
857,999,1002,ntSW
858,1000,1048,cWW
859,1000,1003,ncSH
860,1000,1002,tSW
861,1001,1003,ncSH
862,1001,1045,ntWH
863,1002,1049,ncWS
864,1002,1048,ncWW
865,1002,999,ntWS
866,1002,1000,tWS
867,1003,1048,cWS
868,1003,1000,ncHS
869,1003,1001,ncHS
870,1006,1044,cWW
871,1007,1043,ncWW
872,1009,1041,ncWS
873,1010,1041,ncWW
874,1010,1040,ncWW
875,1010,1039,ncWW
876,1012,1038,ncWS
877,1013,1037,cWW
878,1015,1036,cWW
879,1017,1035,tHS
880,1018,1032,ncWW
881,1019,1033,cWW
882,1020,1031,ncWW
883,1020,1032,ncWW
884,1021,1031,cWW
885,1022,1030,cWW
886,1024,1029,ncSW
887,1029,1024,ncWS
888,1035,1017,tSH
889,1038,1012,ncSW
890,1041,1009,ncSW
891,1045,1001,ntHW
892,1047,2377,cSS
893,1047,2391,tSS
894,1048,1003,cSW
895,1049,1050,cSH
896,1049,1002,ncSW
897,1050,1049,cHS
898,1050,999,ntHS
899,1052,997,tSH
900,1053,996,tHW
901,1054,2382,tHH
902,1063,984,ntHS
903,1064,985,ntSH
904,1065,985,ncSW
905,1070,981,tSH
906,1071,980,tHS
907,1072,979,ncSW
908,1078,1333,ncSS
909,1079,1332,ncSS
910,1079,1333,ncSS
911,1081,958,ncSH
912,1081,968,tWH
913,1083,1106,cWW
914,1084,1105,cWW
915,1084,1104,ncWW
916,1084,1119,tSS
917,1085,1103,ncWW
918,1085,1104,tSH
919,1086,1103,ncWW
920,1087,1102,cWW
921,1088,1101,cWW
922,1089,1100,cWW
923,1090,1099,ncWW
924,1090,1098,ntHW
925,1091,1098,cWW
926,1091,2388,tSW
927,1092,1097,cWW
928,1092,2363,ncSW
929,1093,1096,ntSH
930,1094,2609,ncHS
931,1095,2572,ncSS
932,1095,2610,tSS
933,1096,2571,cSS
934,1096,1093,ntHS
935,1096,2610,tSS
936,1097,2363,ncSH
937,1098,1090,ntWH
938,1099,2387,ncSS
939,1100,2381,ntSH
940,1104,1085,tHS
941,1105,1119,cSS
942,1106,1118,cSS
943,1106,1119,ncSS
944,1107,956,ntSH
945,1108,1329,ncSW
946,1110,1124,ntHS
947,1110,1295,ntSS
948,1110,1123,tHS
949,1111,1294,cSS
950,1111,1122,cWW
951,1112,1121,cWW
952,1112,1135,ntSS
953,1113,1120,cWW
954,1113,1135,ntSS
955,1115,2160,ncSS
956,1115,1164,ntHW
957,1116,2160,ncSS
958,1116,1163,ntHH
959,1116,2150,tSS
960,1117,1162,ncWS
961,1117,1163,ntWW
962,1118,660,cWS
963,1120,1161,ncSW
964,1122,1134,cSS
965,1123,1110,tSH
966,1124,1110,ntSH
967,1126,1302,cWW
968,1127,1301,cWW
969,1128,1300,cWW
970,1129,1299,cWW
971,1130,1298,cWW
972,1131,1297,cWW
973,1132,1296,ncWW
974,1133,1294,ntWH
975,1135,1293,tHS
976,1136,1292,cWW
977,1136,1143,ntSS
978,1136,1144,ntSS
979,1137,1291,cWW
980,1137,1144,tSS
981,1138,1290,cWW
982,1139,1276,cWW
983,1140,1275,cWW
984,1141,1274,cWW
985,1142,1143,ncSH
986,1142,1274,ntHH
987,1142,1144,ntSW
988,1143,1142,ncHS
989,1143,1293,ncSS
990,1144,1291,cSS
991,1144,1292,ncSS
992,1144,1142,ntWS
993,1145,1289,cWW
994,1147,1288,cWW
995,1148,1287,cWW
996,1149,1286,cWW
997,1150,1285,cWW
998,1151,1284,cWW
999,1152,1283,cWW
1000,1153,1155,ncSW
1001,1153,1281,tWH
1002,1154,1281,ntWH
1003,1155,1153,ncWS
1004,1155,1283,ntWS
1005,1155,1281,ntWW
1006,1155,1279,tHW
1007,1156,1157,ncSH
1008,1157,1156,ncHS
1009,1157,1281,ntHH
1010,1157,1279,ntHW
1011,1158,1278,cWW
1012,1158,1281,ntSW
1013,1159,1277,cWW
1014,1161,1120,ncWS
1015,1162,1117,ncSW
1016,1164,1115,ntWH
1017,1167,2601,cSS
1018,1167,1265,tHH
1019,1168,2580,ntSS
1020,1168,1264,tHS
1021,1169,1263,cWW
1022,1170,1262,cWW
1023,1171,1261,ncWW
1024,1173,1260,cWW
1025,1174,1259,cWW
1026,1175,1258,cWW
1027,1176,1257,cWW
1028,1177,1256,cWW
1029,1178,1255,cWW
1030,1178,1254,ncWW
1031,1179,1254,ncWW
1032,1180,1253,cWW
1033,1181,1252,cWW
1034,1182,1251,ncWW
1035,1183,1186,ncSS
1036,1183,1250,ntSH
1037,1187,1246,ncWH
1038,1187,1191,ntHW
1039,1188,2864,ncWH
1040,1190,1247,ncWW
1041,1191,1247,ncSW
1042,1191,1187,ntWH
1043,1193,1244,cWW
1044,1193,1243,ncWW
1045,1194,1242,ncHH
1046,1194,1223,ntSW
1047,1196,1220,cWW
1048,1197,1219,cWW
1049,1198,1218,cWW
1050,1199,1227,cWH
1051,1201,1215,cWW
1052,1202,1214,cWW
1053,1203,1213,cWW
1054,1204,1212,ncSW
1055,1205,1208,ntSH
1056,1207,1234,ntSS
1057,1208,1205,ntHS
1058,1209,1235,cHS
1059,1210,1230,ncWH
1060,1210,1239,ntHW
1061,1211,1231,ncWH
1062,1211,1238,ntWH
1063,1212,1204,ncWS
1064,1221,1225,ntWW
1065,1223,1244,cSS
1066,1223,1243,ncWW
1067,1223,1194,ntWS
1068,1226,1241,ncWW
1069,1227,1199,cHW
1070,1228,1230,cSH
1071,1228,1229,cSH
1072,1228,1240,ncWS
1073,1229,1228,cHS
1074,1229,1240,cWW
1075,1230,1228,cHS
1076,1230,1210,ncHW
1077,1231,1238,cWW
1078,1231,1211,ncHW
1079,1231,1239,ncWW
1080,1232,1237,tSH
1081,1235,1209,cSH
1082,1237,1232,tHS
1083,1238,1211,ntHW
1084,1239,1210,ntWH
1085,1240,1228,ncSW
1086,1246,1187,ncHW
1087,1247,1191,ncWS
1088,1250,1183,ntHS
1089,1264,1168,tSH
1090,1266,2603,ncHS
1091,1266,2578,ncWS
1092,1267,2632,ncSS
1093,1267,2606,ntHH
1094,1267,2683,ntSS
1095,1268,2631,ncSS
1096,1268,2683,ntSS
1097,1268,2684,tSS
1098,1270,2161,ncWW
1099,1270,2162,ntHS
1100,1272,2161,ncHS
1101,1272,2162,ncHS
1102,1273,1276,ntWH
1103,1276,1273,ntHW
1104,1277,1282,ntSS
1105,1279,1157,ntWH
1106,1279,1155,tWH
1107,1281,1154,ntHW
1108,1281,1158,ntWS
1109,1281,1153,tHW
1110,1283,1155,ntSW
1111,1293,1135,tSH
1112,1294,1133,ntHW
1113,1303,1328,cWW
1114,1304,1327,cWW
1115,1305,1324,cWW
1116,1306,1323,cWW
1117,1307,1322,cWW
1118,1308,1321,cWW
1119,1309,1320,cWW
1120,1310,1319,cWW
1121,1311,1318,cWW
1122,1312,1317,cWW
1123,1329,1108,ncWS
1124,1330,1331,cSH
1125,1331,1330,cHS
1126,1331,954,tWH
1127,1332,953,tHS
1128,1337,1367,ntSS
1129,1337,1368,ntSS
1130,1338,1368,tSS
1131,1339,1392,cWW
1132,1340,1391,ncWS
1133,1341,1389,cWW
1134,1342,1388,cWW
1135,1343,1387,cWW
1136,1344,1386,cWW
1137,1345,1385,cWW
1138,1346,1384,cWW
1139,1347,1383,cWW
1140,1348,1382,cWW
1141,1349,1381,cWW
1142,1350,1380,cWW
1143,1351,1379,ntSS
1144,1354,348,ntWH
1145,1354,1379,tSH
1146,1355,1378,tHS
1147,1356,1377,tHS
1148,1357,1376,cWW
1149,1358,1375,cWW
1150,1359,1374,cWW
1151,1360,1373,cWW
1152,1361,1372,cWW
1153,1362,1371,cWW
1154,1363,1370,cWW
1155,1364,1369,cWW
1156,1365,1368,ntSH
1157,1368,1365,ntHS
1158,1377,1356,tSH
1159,1378,1355,tSH
1160,1379,1354,tHS
1161,1390,483,ncHS
1162,1391,1340,ncSW
1163,1395,655,ntWS
1164,1396,676,tHS
1165,1400,487,ncSW
1166,1404,2141,cWW
1167,1405,2140,cWW
1168,1406,2139,tSH
1169,1407,2138,tHH
1170,1408,1409,cSH
1171,1409,1408,cHS
1172,1409,2137,tWH
1173,1410,2728,ncSW
1174,1410,2136,tHS
1175,1411,2135,ncWW
1176,1411,2136,ntHS
1177,1411,1468,ntSS
1178,1412,2134,cWW
1179,1412,2135,ncWW
1180,1413,2127,ncSS
1181,1415,1764,ntWW
1182,1418,1419,ncSS
1183,1418,1438,tSS
1184,1419,1437,cWW
1185,1420,1436,cWW
1186,1421,1435,cWW
1187,1422,1434,cWW
1188,1423,1433,cWW
1189,1424,1432,cWW
1190,1425,1472,ncWS
1191,1425,1429,tWH
1192,1426,1472,cSW
1193,1429,1425,tHW
1194,1430,1806,ncWS
1195,1431,1805,ncSS
1196,1431,1469,ntWW
1197,1438,1802,cWW
1198,1439,1801,cWW
1199,1440,1800,cWW
1200,1441,1799,cWW
1201,1441,1444,ncSS
1202,1442,1798,ntSH
1203,1444,1798,tWW
1204,1445,1801,ncSS
1205,1446,1781,cWW
1206,1446,1798,ntSW
1207,1447,1780,cWW
1208,1448,1779,cWW
1209,1449,1778,cWW
1210,1451,1763,ntWH
1211,1451,1762,tHS
1212,1452,1761,cWW
1213,1453,1760,cWW
1214,1453,1766,ncSS
1215,1454,1759,ncHW
1216,1455,1483,ntWW
1217,1456,1759,cWW
1218,1457,1481,cWW
1219,1458,1480,cWW
1220,1458,1537,ncSS
1221,1458,1538,ncSS
1222,1459,1479,cWW
1223,1460,1478,cWW
1224,1461,1477,cWW
1225,1462,1476,cWW
1226,1463,1465,ncSH
1227,1463,1466,ntSW
1228,1463,1474,tWH
1229,1464,1477,cWS
1230,1465,1463,ncHS
1231,1465,1474,ncWW
1232,1466,1474,cWW
1233,1466,1463,ntWS
1234,1467,1473,cWW
1235,1469,2134,ntSS
1236,1470,1805,ntHS
1237,1471,1805,ncWS
1238,1472,1426,cWS
1239,1472,1425,ncSW
1240,1473,1803,ncSH
1241,1474,1772,ncSW
1242,1474,1765,ntSW
1243,1474,1463,tHW
1244,1477,1464,cSW
1245,1480,1537,ntSW
1246,1481,1538,tSS
1247,1485,1758,tHW
1248,1486,1549,cWW
1249,1486,1529,ntSS
1250,1487,1548,cWW
1251,1488,1757,cWW
1252,1489,1523,cSS
1253,1489,1756,cWW
1254,1490,1755,cWW
1255,1491,1755,ncSW
1256,1491,1527,ntHS
1257,1491,1754,ntSW
1258,1492,1526,cWW
1259,1493,1525,cWW
1260,1493,1724,ncSS
1261,1494,1723,ncSW
1262,1494,1522,tWH
1263,1496,1521,tHS
1264,1497,1520,cWW
1265,1498,1519,cWW
1266,1499,1518,cWW
1267,1500,1517,cWW
1268,1501,1516,cWW
1269,1502,1515,cWW
1270,1503,1514,ncWW
1271,1503,1513,ncWW
1272,1504,1512,cWW
1273,1504,1513,ncSW
1274,1505,1948,cSS
1275,1505,1511,cWW
1276,1506,1509,ntSH
1277,1509,1506,ntHS
1278,1509,1947,ntWW
1279,1511,1947,ntSW
1280,1512,1949,tSS
1281,1513,1504,ncWS
1282,1521,1496,tSH
1283,1522,1723,ntWW
1284,1522,1494,tHW
1285,1523,1756,ntWS
1286,1524,1779,ntWS
1287,1524,1778,tWS
1288,1525,1723,ntSW
1289,1526,1725,ntSS
1290,1526,1724,ntSW
1291,1526,1726,tSS
1292,1527,1491,ntSH
1293,1529,1550,ncSS
1294,1530,1626,ncSS
1295,1530,1546,ncWW
1296,1530,1547,ncWW
1297,1531,1625,cSS
1298,1531,1546,cWW
1299,1532,1545,cWW
1300,1533,1544,cWW
1301,1534,1543,cWW
1302,1535,1539,ntWH
1303,1535,1540,tWH
1304,1536,1538,tSH
1305,1537,1480,ntWS
1306,1538,1536,tHS
1307,1539,1535,ntHW
1308,1540,1535,tHW
1309,1542,1758,ntWW
1310,1546,1625,ntSW
1311,1547,1626,ntSS
1312,1550,1753,cWW
1313,1551,1752,cWW
1314,1552,1751,cWW
1315,1553,1750,cWW
1316,1554,1749,cWW
1317,1555,1748,cWW
1318,1556,1747,cWW
1319,1557,1746,ncWW
1320,1558,1746,ncWW
1321,1558,1573,tSS
1322,1559,1744,tHS
1323,1560,1743,ntSS
1324,1560,1745,ntWH
1325,1562,1737,cWW
1326,1563,1572,cWW
1327,1564,1571,cWW
1328,1565,1570,cWW
1329,1566,1569,ntSH
1330,1569,1566,ntHS
1331,1569,1664,ntSS
1332,1576,1736,cWW
1333,1577,1735,ntWH
1334,1579,1733,ncWW
1335,1580,1732,cWW
1336,1581,1731,cWW
1337,1582,1730,cWW
1338,1583,1729,cWW
1339,1584,1728,cWW
1340,1585,1727,cWW
1341,1586,1726,tSH
1342,1587,1725,tHH
1343,1588,1724,ntWH
1344,1589,1717,cWW
1345,1590,1716,cWW
1346,1591,1715,cWW
1347,1592,1714,ncWW
1348,1593,1713,cWW
1349,1593,1651,ncSW
1350,1594,1712,cWW
1351,1595,1711,cWW
1352,1595,1634,ncSS
1353,1595,1669,ntSH
1354,1596,1710,cWW
1355,1596,1709,ncWW
1356,1596,1670,ntSH
1357,1597,1709,ncWW
1358,1597,1708,ntWH
1359,1599,1600,ncHS
1360,1599,1707,ntHH
1361,1600,1599,ncSH
1362,1600,1707,ntSH
1363,1602,1705,ncWW
1364,1603,1704,cWW
1365,1604,1702,cWW
1366,1605,1701,ncWW
1367,1606,1622,cWW
1368,1607,1621,cWW
1369,1608,1620,ncWW
1370,1609,1619,cWW
1371,1610,1618,cWW
1372,1611,1617,cWW
1373,1612,1616,ntSH
1374,1613,2817,ntWW
1375,1616,2817,ncWW
1376,1616,1612,ntHS
1377,1621,1699,ntSS
1378,1623,1680,cWW
1379,1625,1546,ntWS
1380,1625,1677,tHH
1381,1626,1676,tHS
1382,1627,1675,cWW
1383,1627,1676,ncWS
1384,1628,1674,cWW
1385,1629,1673,cWW
1386,1630,1672,cWW
1387,1631,1671,ntSH
1388,1632,1670,ntSS
1389,1632,1669,ntWS
1390,1633,1634,ncSH
1391,1633,1669,ntSS
1392,1634,1633,ncHS
1393,1634,1712,ntSS
1394,1636,1666,cWW
1395,1636,1667,ncWW
1396,1637,1665,cWW
1397,1638,1664,cWW
1398,1639,1663,ncWW
1399,1640,1662,cWW
1400,1641,1661,tSH
1401,1642,1660,ntSH
1402,1643,1646,ncSS
1403,1643,1659,ntHS
1404,1643,1656,ntSS
1405,1646,1656,cWW
1406,1647,1655,cWW
1407,1648,1654,cWW
1408,1649,1653,ntWH
1409,1651,1593,ncWS
1410,1653,1649,ntHW
1411,1659,1643,ntSH
1412,1660,1642,ntHS
1413,1661,1641,tHS
1414,1669,1711,ncHS
1415,1669,1595,ntHS
1416,1669,1632,ntSW
1417,1670,1596,ntHS
1418,1671,1631,ntHS
1419,1676,1627,ncSW
1420,1676,1626,tSH
1421,1681,1700,cWW
1422,1682,1699,ncWW
1423,1683,1698,cWW
1424,1684,1697,cWW
1425,1685,1696,cWW
1426,1686,1695,cWW
1427,1687,1694,cWW
1428,1688,1693,cWW
1429,1689,1692,ntSH
1430,1689,1693,ntSH
1431,1692,1689,ntHS
1432,1693,1689,ntHS
1433,1707,1600,ntHS
1434,1708,1597,ntHW
1435,1711,1669,ncSH
1436,1718,1722,cWW
1437,1723,1494,ncWS
1438,1723,1525,ntWS
1439,1724,1588,ntHW
1440,1724,1526,ntWS
1441,1726,1586,tHS
1442,1735,1577,ntHW
1443,1738,1742,ncSS
1444,1744,1559,tSH
1445,1745,1560,ntHW
1446,1754,1491,ntWS
1447,1755,1491,ncWS
1448,1756,1523,ntSW
1449,1758,1485,tWH
1450,1759,1454,ncWH
1451,1760,1766,ntSS
1452,1762,1451,tSH
1453,1763,1451,ntHW
1454,1763,1777,tWW
1455,1765,1474,ntWS
1456,1767,1775,ncWW
1457,1767,1776,ncWW
1458,1768,1775,cWW
1459,1772,1805,ncWH
1460,1772,1474,ncWS
1461,1772,1803,ncWW
1462,1777,1778,ncWH
1463,1778,1777,ncHW
1464,1778,1524,tSW
1465,1779,1524,ntSW
1466,1784,1796,cWW
1467,1785,1795,cWW
1468,1786,1794,cWW
1469,1788,1792,tSH
1470,1792,1788,tHS
1471,1798,1442,ntHS
1472,1798,1446,ntWS
1473,1803,1473,ncHS
1474,1805,1772,ncHW
1475,1805,1471,ncSW
1476,1805,1470,ntSH
1477,1806,2133,cWW
1478,1806,1430,ncSW
1479,1807,2132,cWW
1480,1808,2131,cWW
1481,1809,2130,cWW
1482,1810,1813,ncSH
1483,1813,1810,ncHS
1484,1813,2130,ntHS
1485,1814,2129,tHS
1486,1815,2128,cWW
1487,1816,2127,cWW
1488,1817,2126,cWW
1489,1818,2125,cWW
1490,1819,2124,cWW
1491,1819,2805,ntSH
1492,1820,2123,cWW
1493,1821,2122,cWW
1494,1822,2121,cWW
1495,1823,2116,ncHH
1496,1823,2120,ntWW
1497,1824,2119,cWW
1498,1825,2118,cWW
1499,1826,1828,ncSH
1500,1826,2117,tSH
1501,1827,1836,ntWS
1502,1827,1835,ntWW
1503,1827,2115,tHW
1504,1828,2117,cWW
1505,1828,1826,ncHS
1506,1833,2114,cWW
1507,1835,2115,ncWS
1508,1836,2115,ncSS
1509,1836,2113,ncWW
1510,1836,1827,ntSW
1511,1837,2114,ncSS
1512,1837,2113,ncWW
1513,1838,2113,ncSS
1514,1841,1865,cWW
1515,1842,1864,cWW
1516,1843,1863,cWW
1517,1844,1862,cWW
1518,1845,1861,cWW
1519,1846,1860,tSH
1520,1847,1859,ntSH
1521,1848,1857,tHH
1522,1849,1856,tHS
1523,1850,1855,cWW
1524,1851,1854,ntSW
1525,1852,2100,ncHS
1526,1852,1968,ncWW
1527,1854,1851,ntWS
1528,1856,1849,tSH
1529,1859,1847,ntHS
1530,1860,1846,tHS
1531,1866,1890,cWW
1532,1867,3007,cSS
1533,1867,1889,cWW
1534,1868,1888,cWW
1535,1868,2996,tSS
1536,1869,1887,cWW
1537,1870,1886,cWW
1538,1871,1885,cWW
1539,1872,1884,cWW
1540,1873,1883,cWW
1541,1874,1882,cWW
1542,1875,1881,cWW
1543,1875,1880,ntSH
1544,1876,1879,ncWW
1545,1877,1879,ncWW
1546,1880,1875,ntHS
1547,1888,2996,ncSS
1548,1889,2996,ncSS
1549,1889,3007,tSS
1550,1891,1895,cWW
1551,1893,2809,ncHS
1552,1893,2830,ncWS
1553,1894,2829,ncWW
1554,1894,2810,tWS
1555,1896,1900,cWW
1556,1896,1901,ncWS
1557,1901,1896,ncSW
1558,1903,2112,cWW
1559,1904,2111,cWW
1560,1905,2110,cWW
1561,1906,2109,cWW
1562,1907,2108,cWW
1563,1908,2107,cWW
1564,1909,2106,cWW
1565,1910,2104,cWW
1566,1911,2103,cWW
1567,1912,1930,ntHS
1568,1912,2101,tSW
1569,1913,1929,ntHS
1570,1914,1928,ntHS
1571,1915,1927,cWW
1572,1916,1926,cWW
1573,1917,1924,tWH
1574,1918,2703,ncWS
1575,1918,1923,ntHH
1576,1919,820,ntHS
1577,1921,2701,tWW
1578,1922,2722,cSS
1579,1923,2105,ncSH
1580,1924,2703,ntSS
1581,1924,1917,tHW
1582,1928,899,cSW
1583,1928,1914,ntSH
1584,1929,1913,ntSH
1585,1930,1967,ntHS
1586,1930,1912,ntSH
1587,1931,1966,ncWW
1588,1932,1965,cWW
1589,1932,2024,ntSS
1590,1933,1964,cWW
1591,1934,1963,cWW
1592,1935,1962,cWW
1593,1936,1961,cWW
1594,1937,1941,cSS
1595,1937,1960,cWW
1596,1938,1957,tSS
1597,1939,1960,ncWS
1598,1939,1956,ntWW
1599,1939,1958,tHH
1600,1940,2335,ncHS
1601,1940,2324,ncWS
1602,1941,1956,ncWW
1603,1941,1954,ntHH
1604,1942,1953,ncWW
1605,1942,1961,ntSS
1606,1943,1952,cWW
1607,1944,1951,cWW
1608,1945,1950,cWW
1609,1946,1949,tSH
1610,1947,1511,ntWS
1611,1949,1946,tHS
1612,1956,1960,ncSS
1613,1960,1939,ncSW
1614,1966,2094,ncSS
1615,1967,1930,ntSH
1616,1968,2100,ntHS
1617,1969,2100,ncWS
1618,1970,2098,cWW
1619,1971,2097,cWW
1620,1972,2096,cWW
1621,1972,2094,ntWW
1622,1972,2093,tSS
1623,1973,2094,cWH
1624,1974,2029,cWW
1625,1975,2028,cWW
1626,1976,2051,cSS
1627,1976,2027,cWW
1628,1977,1980,ntSW
1629,1977,2025,tWH
1630,1978,2027,ncWS
1631,1978,2023,ntHW
1632,1979,2026,cWW
1633,1980,2025,cWW
1634,1980,1977,ntWS
1635,1981,2022,cWW
1636,1982,2021,cWW
1637,1983,2020,cWW
1638,1984,2019,cWW
1639,1985,2018,cWW
1640,1986,1988,ncSH
1641,1986,2017,ntSH
1642,1987,2018,ntHS
1643,1988,2017,cWW
1644,1988,1986,ncHS
1645,1989,2016,cWW
1646,1990,2015,cWW
1647,1991,2014,tSH
1648,1992,2346,cSS
1649,1992,2210,ntWS
1650,1993,2011,ntHW
1651,1993,2210,ntSS
1652,1994,2011,ncWW
1653,1995,2010,cWW
1654,1995,2011,ncWW
1655,1996,2009,cWW
1656,1997,2008,cWW
1657,1998,2007,cWW
1658,1999,2006,cWW
1659,2000,2005,ntSH
1660,2001,2004,ntSH
1661,2003,452,cWS
1662,2003,2528,ncHS
1663,2004,2001,ntHS
1664,2004,2529,ntWS
1665,2005,2000,ntHS
1666,2005,2529,ntSS
1667,2011,1993,ntWH
1668,2013,2209,cSS
1669,2013,2346,ntSS
1670,2014,2208,cSS
1671,2014,2348,ntSS
1672,2014,1991,tHS
1673,2014,2347,tSS
1674,2017,1986,ntHS
1675,2018,1987,ntSH
1676,2023,2026,ncSH
1677,2023,1978,ntWH
1678,2025,1977,tHW
1679,2026,2023,ncHS
1680,2027,1978,ncSW
1681,2028,2052,tSS
1682,2030,2048,cWW
1683,2031,2047,cWW
1684,2032,2046,ncWW
1685,2033,2045,cWW
1686,2034,2044,cWW
1687,2035,2043,ntSH
1688,2036,2041,tHW
1689,2041,2036,tWH
1690,2042,2043,cSH
1691,2043,2042,cHS
1692,2043,2035,ntHS
1693,2049,2052,ntWH
1694,2049,2053,ntWW
1695,2050,2052,ncSH
1696,2050,2053,ncWW
1697,2052,2050,ncHS
1698,2052,2049,ntHW
1699,2054,2055,cSH
1700,2055,2054,cHS
1701,2055,2093,tWH
1702,2056,2097,ntSS
1703,2056,2092,tHS
1704,2057,2091,cWW
1705,2058,2088,cWW
1706,2060,2067,ncWW
1707,2060,2087,ntHH
1708,2060,2086,ntHS
1709,2060,2085,ntHW
1710,2060,2066,ntSW
1711,2061,2088,ntWS
1712,2062,2720,ncSS
1713,2062,2704,ntSS
1714,2064,2066,ntSW
1715,2066,2060,ntWS
1716,2066,2064,ntWS
1717,2068,2672,ncHW
1718,2069,2085,cWW
1719,2069,2084,ncWW
1720,2070,2084,cWW
1721,2070,2083,ncSW
1722,2071,2083,cWW
1723,2072,2082,cWW
1724,2073,2081,cWW
1725,2074,2080,ncWW
1726,2074,2078,ntWH
1727,2075,2077,ntSH
1728,2076,2675,ncSS
1729,2077,2675,ncSS
1730,2077,2075,ntHS
1731,2077,2664,tSS
1732,2078,2074,ntHW
1733,2079,2671,ncWW
1734,2079,2669,ntWH
1735,2083,2070,ncWS
1736,2085,2060,ntWH
1737,2086,2060,ntSH
1738,2088,2061,ntSW
1739,2090,2707,cSS
1740,2090,2718,ntSS
1741,2092,2056,tSH
1742,2093,2096,cSS
1743,2093,2055,tHW
1744,2094,1973,cHW
1745,2100,1852,ncSH
1746,2100,1969,ncSW
1747,2100,1968,ntSH
1748,2101,1912,tWS
1749,2105,1923,ncHS
1750,2105,872,ntWS
1751,2115,1835,ncSW
1752,2115,1827,tWH
1753,2116,2120,ncWW
1754,2116,2840,ntHH
1755,2117,1826,tHS
1756,2129,1814,tSH
1757,2130,1813,ntSH
1758,2136,1411,ntSH
1759,2136,1410,tSH
1760,2137,2728,ntWW
1761,2137,1409,tHW
1762,2138,882,cSW
1763,2139,1406,tHS
1764,2142,2158,ncSW
1765,2142,569,ncSW
1766,2143,2157,cWW
1767,2143,2158,ncWW
1768,2144,2157,ntWH
1769,2146,2163,cWW
1770,2147,2162,cWW
1771,2148,2161,cWW
1772,2149,2160,cWW
1773,2150,2159,cWW
1774,2151,2156,ntWH
1775,2152,663,tSW
1776,2153,659,ncWS
1777,2155,2568,tHS
1778,2156,2151,ntHW
1779,2157,2144,ntHW
1780,2158,569,cSH
1781,2158,2142,ncWS
1782,2161,1272,ncSH
1783,2162,1272,ncSH
1784,2162,1270,ntSH
1785,2163,566,ntWH
1786,2164,566,ntWH
1787,2166,2740,cWW
1788,2167,2739,cWW
1789,2167,14,ntSW
1790,2168,2738,cWW
1791,2169,2737,cWW
1792,2170,2961,cSW
1793,2170,2736,cWW
1794,2171,2735,cWW
1795,2172,2734,cWW
1796,2173,2733,cWW
1797,2174,2175,ncSH
1798,2174,2732,ncWS
1799,2175,2732,cWW
1800,2175,2174,ncHS
1801,2176,2731,cWW
1802,2176,2729,ntHW
1803,2177,2730,cWW
1804,2177,2692,tHW
1805,2178,2614,ncWS
1806,2179,2727,cWW
1807,2180,2726,cWW
1808,2183,942,cWS
1809,2184,2566,ncWW
1810,2184,2565,ncWW
1811,2185,2618,ntSS
1812,2186,2565,ncWW
1813,2186,2616,ntWS
1814,2187,2561,cWW
1815,2187,2564,ncSS
1816,2188,2560,cWW
1817,2188,2564,ncSW
1818,2189,965,cSH
1819,2189,2559,cWW
1820,2189,2558,ncWW
1821,2190,2558,ncWW
1822,2191,2547,ntWW
1823,2192,2557,cWW
1824,2193,2556,cWW
1825,2194,2553,cWW
1826,2194,2555,ntSH
1827,2195,2552,cWW
1828,2196,2551,cWW
1829,2197,2712,cSS
1830,2197,2550,cWW
1831,2197,2713,ncSS
1832,2197,2356,ntWH
1833,2198,2200,cWH
1834,2200,2198,cHW
1835,2200,2356,cWW
1836,2200,2549,ncSS
1837,2201,2355,cWW
1838,2201,2549,ncSS
1839,2201,2351,tHH
1840,2202,2354,cWW
1841,2203,2353,cWW
1842,2204,2352,cWW
1843,2205,2350,tHS
1844,2206,2349,cWW
1845,2207,2348,cWW
1846,2208,2347,cWW
1847,2209,2346,cWW
1848,2210,2345,cWW
1849,2210,1992,ntSW
1850,2211,2344,cWW
1851,2212,2343,cWW
1852,2213,2342,cWW
1853,2214,2341,ncWW
1854,2215,2340,ntHH
1855,2216,2319,cWW
1856,2217,2318,cWW
1857,2218,2317,cWW
1858,2219,2316,cWW
1859,2220,2315,cWW
1860,2221,2314,cWW
1861,2222,2313,cWW
1862,2223,2312,cWW
1863,2224,2311,cWW
1864,2225,2310,cWW
1865,2226,2309,cWW
1866,2227,2308,ncWW
1867,2228,2307,ncWW
1868,2229,2306,cWW
1869,2230,2305,cWW
1870,2231,2304,cWW
1871,2232,2303,ncWW
1872,2233,2302,cWW
1873,2235,2292,ncHW
1874,2236,2242,ntWH
1875,2236,2292,ntWW
1876,2237,2293,ntHH
1877,2239,2289,ncHS
1878,2239,2288,ncHW
1879,2239,2294,ncWW
1880,2240,2289,ncHS
1881,2241,2271,ncWS
1882,2242,2236,ntHW
1883,2243,2301,cWW
1884,2244,2300,cWW
1885,2245,2299,ncWW
1886,2246,2298,cWW
1887,2247,2297,cWW
1888,2249,2250,ncSS
1889,2250,2284,cWW
1890,2251,2283,cWW
1891,2252,2282,cWW
1892,2253,2281,ntSS
1893,2256,2281,tSH
1894,2257,2280,tHS
1895,2258,2279,ntHS
1896,2259,2278,ncWS
1897,2260,2278,ncWW
1898,2260,2277,ncWW
1899,2261,2276,cWW
1900,2262,2275,ncWW
1901,2263,2274,ncWW
1902,2264,2273,ncWW
1903,2265,2272,ncWW
1904,2265,2273,ncWW
1905,2266,2272,cWW
1906,2266,2271,ncWW
1907,2271,2241,ncSW
1908,2278,2259,ncSW
1909,2279,2258,ntSH
1910,2280,2257,tSH
1911,2281,2256,tHS
1912,2288,2239,ncWH
1913,2288,2294,ntWH
1914,2289,2240,ncSH
1915,2289,2239,ncSH
1916,2289,2293,ntWH
1917,2290,2293,ntWH
1918,2292,2235,ncWH
1919,2293,2290,ntHW
1920,2293,2289,ntHW
1921,2294,2288,ntHW
1922,2320,2338,tWH
1923,2322,2340,ntWW
1924,2322,2337,tHS
1925,2323,2339,ncSH
1926,2323,2336,ncWW
1927,2324,2335,cWW
1928,2324,1940,ncSW
1929,2325,2334,cWW
1930,2326,2333,cWW
1931,2327,2332,cWW
1932,2328,2331,tSH
1933,2331,2328,tHS
1934,2335,1940,ncSH
1935,2336,2339,ncSW
1936,2337,2322,tSH
1937,2338,2320,tHW
1938,2339,2323,ncHS
1939,2339,2336,ncWS
1940,2350,2205,tSH
1941,2356,2550,ncWH
1942,2356,2197,ntHW
1943,2356,2549,tSS
1944,2357,2550,cWH
1945,2357,2551,ncWH
1946,2358,2551,ncWH
1947,2359,2372,cWW
1948,2359,963,ncSW
1949,2360,2370,cWW
1950,2360,964,ncSH
1951,2361,2369,cWW
1952,2361,2368,ntWH
1953,2362,2368,ncWW
1954,2363,1097,ncHS
1955,2363,1092,ncWS
1956,2368,2389,cWW
1957,2368,2361,ntHW
1958,2369,2371,ntSW
1959,2371,2369,ntWS
1960,2373,2395,cWW
1961,2373,2507,ncSS
1962,2374,2394,cWW
1963,2375,2505,ncSS
1964,2375,2393,ncWW
1965,2376,2392,cWW
1966,2376,2441,ntSS
1967,2377,2391,cWW
1968,2378,2390,cWW
1969,2379,2388,tSH
1970,2380,2387,tHH
1971,2381,1100,ntHS
1972,2381,2386,ntWW
1973,2384,2472,ncSS
1974,2388,2379,tHS
1975,2388,1091,tWS
1976,2393,2441,cSS
1977,2394,2505,ntSS
1978,2395,2507,ncSW
1979,2396,2544,cWW
1980,2396,2508,ncWH
1981,2396,2507,ntSW
1982,2397,2439,cWW
1983,2398,2501,cWW
1984,2398,2402,ntSS
1985,2399,2500,cWW
1986,2400,2458,ntSW
1987,2401,2460,ntHH
1988,2401,2500,ntHS
1989,2401,2458,ntWW
1990,2402,2501,ncSS
1991,2403,2457,ncWW
1992,2404,2456,cWW
1993,2405,2455,cWW
1994,2406,2454,cWW
1995,2407,2453,cWW
1996,2408,2452,cWW
1997,2409,2451,cWW
1998,2410,2449,tWH
1999,2411,2435,cWW
2000,2412,2432,tHS
2001,2413,2431,cWW
2002,2414,2430,cWW
2003,2415,2429,cWW
2004,2416,2428,cWW
2005,2417,2427,cWW
2006,2418,2426,ncWS
2007,2419,2424,ntSH
2008,2419,2425,ntSH
2009,2424,2419,ntHS
2010,2425,2419,ntHS
2011,2426,2418,ncSW
2012,2432,2412,tSH
2013,2436,2449,tWW
2014,2437,2446,cWW
2015,2437,2449,ntSW
2016,2438,2445,cWW
2017,2440,2506,cWW
2018,2442,2504,cWW
2019,2443,2503,cWW
2020,2444,2502,cWW
2021,2445,2450,ntSH
2022,2446,2449,ncSS
2023,2449,2437,ntWS
2024,2449,2410,tHW
2025,2450,2445,ntHS
2026,2458,2400,ntWS
2027,2459,2488,cHW
2028,2459,2489,ncHW
2029,2461,2487,cWW
2030,2461,2488,ncWW
2031,2462,2486,cWW
2032,2462,777,ncSW
2033,2463,2485,cWW
2034,2464,2484,cWW
2035,2465,2483,cWW
2036,2466,2482,cWW
2037,2467,2481,cWW
2038,2468,2480,cWW
2039,2469,2479,cWW
2040,2470,2479,ncSW
2041,2470,2478,ncWW
2042,2471,2478,ntHH
2043,2474,2475,ncSH
2044,2475,958,ncHS
2045,2475,2474,ncHS
2046,2475,959,ntWS
2047,2476,2545,ncSW
2048,2479,2470,ncWS
2049,2484,2499,ntHS
2050,2486,777,ncSH
2051,2487,777,ncSH
2052,2488,2459,cWH
2053,2489,2498,cWW
2054,2489,2459,ncWH
2055,2490,2497,cWW
2056,2491,2496,cWW
2057,2492,2495,ntSH
2058,2495,2492,ntHS
2059,2499,2484,ntSH
2060,2500,2401,ntSH
2061,2507,2395,ncWS
2062,2507,2396,ntWS
2063,2508,2396,ncHW
2064,2508,2542,ntHH
2065,2508,2546,tSS
2066,2509,2541,tHW
2067,2510,2540,ntHW
2068,2512,2539,cWW
2069,2513,2538,cWW
2070,2514,2537,cWW
2071,2515,2536,cWW
2072,2516,2535,cWW
2073,2517,2534,ncWW
2074,2518,2534,cWW
2075,2519,2533,cWW
2076,2520,2532,cWW
2077,2521,2531,cWW
2078,2522,2530,cWW
2079,2528,2003,ncSH
2080,2529,2004,ntSW
2081,2530,429,ntSH
2082,2540,2510,ntWH
2083,2541,2509,tWH
2084,2545,2476,ncWS
2085,2548,187,ncHS
2086,2549,187,ntHS
2087,2549,186,ntHS
2088,2550,2357,cHW
2089,2550,2356,ncHW
2090,2551,2357,ncHW
2091,2551,2358,ncHW
2092,2551,2713,tSS
2093,2553,2555,cSH
2094,2555,2553,cHS
2095,2555,2194,ntHS
2096,2560,965,ncSW
2097,2561,2564,ntSW
2098,2562,2566,ncWH
2099,2562,2565,ncWH
2100,2564,2188,ncWS
2101,2564,2561,ntWS
2102,2565,2562,ncHW
2103,2565,2616,ntHW
2104,2566,2562,ncHW
2105,2566,2615,ntHW
2106,2566,2700,ntSW
2107,2567,2615,ncWW
2108,2568,2614,ncWW
2109,2568,2619,ntSH
2110,2568,2155,tSH
2111,2569,2613,cWW
2112,2570,2611,ncWW
2113,2571,2610,cWW
2114,2572,2609,cWW
2115,2573,2608,ncSW
2116,2573,2575,ntSW
2117,2574,2608,cWW
2118,2575,2607,cWW
2119,2575,2605,ncSW
2120,2575,2573,ntWS
2121,2576,2604,cWW
2122,2577,2603,cWW
2123,2577,2633,ncSH
2124,2577,2606,ncSW
2125,2578,2602,cWW
2126,2578,1266,ncSW
2127,2579,2601,cWW
2128,2580,2600,cWW
2129,2581,2599,cWW
2130,2583,2597,tSH
2131,2584,2596,tHS
2132,2585,2595,cWW
2133,2586,2594,cWW
2134,2586,2591,ncHS
2135,2587,2593,tSH
2136,2590,2644,ntWW
2137,2591,2586,ncSH
2138,2591,2595,ncSW
2139,2591,2596,ncSW
2140,2593,2587,tHS
2141,2595,2591,ncWS
2142,2596,2591,ncWS
2143,2596,2584,tSH
2144,2597,2583,tHS
2145,2603,1266,ncSH
2146,2604,2633,ncSW
2147,2604,2606,ntSW
2148,2605,2607,cSH
2149,2605,2575,ncWS
2150,2606,2577,ncWS
2151,2606,2604,ntWS
2152,2607,2605,cHS
2153,2608,2573,ncWS
2154,2609,1094,ncSH
2155,2612,2614,ncSH
2156,2612,2613,ncSH
2157,2613,2612,ncHS
2158,2614,2612,ncHS
2159,2614,2178,ncSW
2160,2615,2566,ntWH
2161,2616,2186,ntSW
2162,2616,2565,ntWH
2163,2619,2568,ntHS
2164,2619,2687,ntSS
2165,2620,2696,ncWH
2166,2620,2725,ntWS
2167,2621,2698,cWW
2168,2621,2725,ncHW
2169,2622,2697,cWW
2170,2622,2691,ntHH
2171,2622,2668,ntSS
2172,2623,2695,cWW
2173,2624,2694,cWW
2174,2625,2693,cWW
2175,2626,2690,cWW
2176,2627,2689,cWW
2177,2628,2686,cWW
2178,2629,2685,cWW
2179,2630,2684,cWW
2180,2631,2683,cWW
2181,2632,2682,cWW
2182,2633,2577,ncHS
2183,2633,2604,ncWS
2184,2634,2636,cSH
2185,2634,2637,ncWH
2186,2634,2659,ncWW
2187,2635,2680,cSS
2188,2635,2660,cWW
2189,2636,2634,cHS
2190,2636,2679,cSS
2191,2636,2659,cWW
2192,2637,2658,cWW
2193,2637,2634,ncHW
2194,2637,2679,ncSS
2195,2637,2656,tHS
2196,2638,2877,cSS
2197,2638,2655,cWW
2198,2639,2654,cWW
2199,2639,2854,tSS
2200,2640,2653,cWW
2201,2641,2652,cWW
2202,2642,2651,cWW
2203,2643,2650,cWW
2204,2646,2774,cSS
2205,2646,2777,ncWH
2206,2646,2779,ntWS
2207,2646,2778,tWW
2208,2647,2779,tSS
2209,2654,2854,cSS
2210,2655,2853,ncSS
2211,2656,2878,cSW
2212,2656,2658,ncSH
2213,2656,2637,tSH
2214,2657,2660,cSH
2215,2658,2656,ncHS
2216,2660,2657,cHS
2217,2660,2680,tSS
2218,2661,2682,cWH
2219,2662,2676,cWW
2220,2663,2675,cWW
2221,2664,2674,cWW
2222,2665,2673,cWW
2223,2666,2672,ncWW
2224,2667,2672,ncWW
2225,2667,2671,ntSH
2226,2668,2697,cSS
2227,2669,2079,ntHW
2228,2671,2667,ntHS
2229,2672,2068,ncWH
2230,2677,2681,tWH
2231,2678,2680,ntSH
2232,2680,2678,ntHS
2233,2681,2677,tHW
2234,2682,2661,cHW
2235,2691,2696,ntHH
2236,2692,2730,ncWH
2237,2692,2177,tWH
2238,2696,2697,ncHH
2239,2696,2620,ncHW
2240,2700,2566,ntWS
2241,2702,2723,tHS
2242,2703,2721,cWW
2243,2703,1918,ncSW
2244,2704,2720,ncWW
2245,2705,2719,cWW
2246,2705,2720,ncWW
2247,2706,2718,cWW
2248,2707,2716,cWW
2249,2708,2715,cWW
2250,2709,2714,cWW
2251,2710,2713,ntSH
2252,2713,2710,ntHS
2253,2723,2702,tSH
2254,2725,2621,ncWH
2255,2725,2620,ntSW
2256,2727,882,ncSH
2257,2728,1410,ncWS
2258,2729,2730,ncWH
2259,2729,2731,ntSW
2260,2729,2176,ntWH
2261,2730,2692,ncHW
2262,2730,2729,ncHW
2263,2731,2729,ntWS
2264,2732,2174,ncSW
2265,2736,2961,ncSH
2266,2737,2961,ncSH
2267,2737,2962,tSW
2268,2741,2890,ntWH
2269,2742,2894,ntSS
2270,2744,9,ntSH
2271,2745,2901,cWW
2272,2746,2900,cWW
2273,2746,2948,ntSS
2274,2747,2899,cWW
2275,2748,2898,cWW
2276,2749,2897,cWW
2277,2750,2896,cWW
2278,2751,2895,cWW
2279,2752,2889,tWH
2280,2753,2891,tSH
2281,2754,2888,tHS
2282,2755,2887,cWW
2283,2756,2886,cWW
2284,2757,2885,cWW
2285,2758,2884,cWW
2286,2759,2761,ncSS
2287,2760,2761,ncSS
2288,2760,2792,tSS
2289,2761,2791,cWW
2290,2762,2790,cWW
2291,2763,2789,cWW
2292,2764,2788,cWW
2293,2765,2787,cWW
2294,2766,2786,cWW
2295,2767,2785,cWW
2296,2768,2784,ncWW
2297,2769,2783,ntSH
2298,2770,2782,tHH
2299,2771,2772,cSH
2300,2772,2771,cHS
2301,2772,2781,tWH
2302,2773,2780,tHS
2303,2774,2779,cWW
2304,2775,2778,tSH
2305,2777,2646,ncHW
2306,2778,2775,tHS
2307,2779,2646,ntSW
2308,2780,2773,tSH
2309,2781,2772,tHW
2310,2783,2769,ntHS
2311,2792,2845,cWW
2312,2793,2844,cWW
2313,2794,2843,cWW
2314,2795,2842,cWW
2315,2796,2841,cWW
2316,2797,2839,tWH
2317,2798,2841,ntHS
2318,2799,2841,cWS
2319,2799,2839,ncWW
2320,2800,2839,cWW
2321,2801,2838,cWW
2322,2802,2837,cWW
2323,2803,2836,cWW
2324,2804,2835,tSH
2325,2805,1819,ntHS
2326,2806,2833,ntHS
2327,2806,2984,ntWS
2328,2807,2832,cWW
2329,2808,2831,cWW
2330,2809,2830,cWW
2331,2809,1893,ncSH
2332,2810,2829,cWW
2333,2810,1894,tSW
2334,2811,2828,cWW
2335,2812,2825,cWW
2336,2813,2824,cWW
2337,2814,2823,cWW
2338,2815,2822,cWW
2339,2816,2821,cWW
2340,2830,1893,ncSW
2341,2833,2806,ntSH
2342,2835,2804,tHS
2343,2839,2797,tHW
2344,2841,2799,cSW
2345,2841,2798,ntSH
2346,2848,2882,cWW
2347,2849,2881,cWW
2348,2850,2880,cWW
2349,2851,2879,cWW
2350,2852,2877,tWH
2351,2854,2876,tHS
2352,2855,2875,cWW
2353,2856,2874,cWW
2354,2857,2873,cWW
2355,2858,2872,cWW
2356,2858,2868,ncHS
2357,2859,2871,ntSH
2358,2859,2869,tWH
2359,2860,2871,ntSH
2360,2860,2870,tSH
2361,2861,2867,tHW
2362,2862,2866,ntHW
2363,2863,2865,tSW
2364,2864,1188,ncHW
2365,2865,2863,tWS
2366,2866,2862,ntWH
2367,2867,2861,tWH
2368,2868,2858,ncSH
2369,2869,2871,ncWH
2370,2869,2859,tHW
2371,2870,2860,tHS
2372,2871,2869,ncHW
2373,2871,2860,ntHS
2374,2871,2859,ntHS
2375,2876,2854,tSH
2376,2877,2878,ncSS
2377,2877,2852,tHW
2378,2878,2656,cWS
2379,2888,2754,tSH
2380,2889,2752,tHW
2381,2890,2741,ntHW
2382,2891,2753,tHS
2383,2901,2948,ncSS
2384,2902,3041,cWW
2385,2904,2944,ncSW
2386,2905,2943,cWW
2387,2906,2942,cWW
2388,2908,2941,cWW
2389,2909,2940,cWW
2390,2910,2939,cWW
2391,2911,2938,cWW
2392,2912,2937,cWW
2393,2914,2938,ncHS
2394,2915,2935,cWW
2395,2916,2934,cWW
2396,2917,2933,cWW
2397,2918,2932,cWW
2398,2919,2931,cWW
2399,2920,2930,cWW
2400,2921,2929,ncWW
2401,2922,2929,cWW
2402,2923,2928,cWW
2403,2924,2927,tSH
2404,2927,2924,tHS
2405,2938,2914,ncSH
2406,2944,2904,ncWS
2407,2945,3039,ntHS
2408,2945,3038,ntHW
2409,2946,3038,ncWW
2410,2947,2948,ncSH
2411,2948,2947,ncHS
2412,2948,3037,tHS
2413,2949,3036,cWW
2414,2950,3035,cWW
2415,2951,3034,cWW
2416,2952,3033,ncWW
2417,2952,3034,ncWW
2418,2953,3032,ncSW
2419,2953,2969,ncWW
2420,2954,3030,cSS
2421,2954,2968,cWW
2422,2955,2967,cWW
2423,2955,3030,ncSS
2424,2955,2974,ntSS
2425,2956,2966,cWW
2426,2957,2965,cWW
2427,2959,2964,cSW
2428,2961,2170,cWS
2429,2961,2737,ncHS
2430,2961,2736,ncHS
2431,2962,2737,tWS
2432,2964,2959,cWS
2433,2968,3030,tSS
2434,2972,3029,ncSW
2435,2972,3030,tSH
2436,2973,2976,cSH
2437,2973,2975,ncSH
2438,2974,3029,cWW
2439,2974,3026,tHH
2440,2975,3028,cWW
2441,2975,2973,ncHS
2442,2976,2973,cHS
2443,2976,3027,cWW
2444,2976,3025,ntHW
2445,2977,3025,ncWW
2446,2977,3024,ntHW
2447,2978,3024,cWW
2448,2979,3023,cWW
2449,2980,3022,cWW
2450,2981,3021,cWW
2451,2982,3019,cWW
2452,2983,3018,cWW
2453,2984,3017,cWW
2454,2984,2806,ntSW
2455,2985,3016,cWW
2456,2986,3015,tSH
2457,2987,3013,ntWS
2458,2989,3013,ntHH
2459,2990,3012,ncWW
2460,2991,3011,cWW
2461,2991,3012,ncWW
2462,2992,3010,cWW
2463,2993,3009,cWW
2464,2994,3008,cWW
2465,2995,3007,tSH
2466,2996,3006,tHS
2467,2997,3005,cWW
2468,2998,3004,cWW
2469,2999,3003,tSH
2470,3003,2999,tHS
2471,3006,2996,tSH
2472,3007,2995,tHS
2473,3013,2987,ntSW
2474,3015,2986,tHS
2475,3024,2977,ntWH
2476,3025,2976,ntWH
2477,3029,2972,ncWS
2478,3030,2972,tHS
2479,3032,2953,ncWS
2480,3037,2948,tSH
2481,3038,2945,ntWH
2482,3039,2945,ntSH
