Alignment index,Score,STDEV
1,0,0.10737865329854082
2,0,0.090413369946877
3,0,0.1321153121526213
4,0,0.3379095684889159
5,-0.8571428571428573,0.18079545818845938
6,0,0.2163797668822681
7,7.786848072562359,0.20665796341912385
8,0,0.20149787966396301
9,6.615873015873016,0.20771816715463004
10,7.466666666666667,0.13888884261186712
11,8.38095238095238,0.1786899869180321
12,7.751927437641724,0.14185372688419068
13,8.32517006802721,0.12123018192546832
14,8.37233560090703,0.1967041435555871
15,8.407256235827665,0.1932850875156127
16,6.94875283446712,0.1386309326476492
17,7.803174603174602,0.13947993080376203
18,8.152834467120181,0.19377130398236675
19,7.756009070294786,0.14755685911195657
20,7.5573696145124725,0.12337684897993617
21,0,0.0867861806782605
22,6.857142857142857,0.16686939095419728
23,0.580498866213152,0.12268810111176617
24,8.42766439909297,0.16405452983792138
25,-2.824943310657596,0.1286288049798316
26,-2.3183673469387753,0.12079252487655323
27,2.8213151927437643,0.09716652510361608
28,1.439909297052154,0.12878541024434537
29,0,0.30922555879689956
30,-2.6326530612244894,0.15018118506131
31,0,0.6708793734303462
32,-0.9197278911564629,0.15237082894781948
33,-2.553741496598639,0.09948835848591098
34,0,0.11594820747296108
35,-2.8213151927437643,0.10812689244247913
36,-2.591836734693877,0.18008590049278148
37,-2.5564625850340144,0.12158593985134684
38,-2.858956916099773,0.12655336721080254
39,7.963718820861679,0.1698623094422205
40,-2.449886621315192,0.10351765747824367
41,-1.349659863945578,0.13286433937376918
42,-2.2630385487528346,0.13971272165601412
43,-1.9351473922902493,0.11594022483859755
44,-2.2575963718820864,0.10267978325881212
45,-2.913832199546485,0.1047020079874395
46,-1.0426303854875283,0.048303045644242495
47,0,0.09667525944756748
48,-0.35736961451247123,0.09678157547345616
49,7.377324263038548,0.15146034400824793
50,4.681632653061224,0.09800116678244382
51,0,0.1286967439297858
52,8.48299319727891,0.12605751980982766
53,6.239002267573698,0.11024793133013966
54,8.208163265306123,0.15899168607337683
55,7.298412698412699,0.11848457718137283
56,7.60952380952381,0.14876666049345996
57,8.695238095238095,0.09331389496316836
58,8.619047619047619,0.0
59,8.314285714285715,0.09331389496316836
60,8.402267573696143,0.08457289941725125
61,6.866666666666665,0.0761904761904759
62,0,0.12196427118919707
63,-2.6267573696145123,0.0830328393731942
64,8.714285714285715,0.12777531299998793
65,7.110657596371881,0.10816492913146736
66,3.7691609977324267,0.0684852305887081
67,-1.787755102040817,0.0834528736756978
68,2.6099773242630384,0.14448555394171422
69,3.358276643990931,0.13471754374953865
70,0,0.11651357661895391
71,-2.3777777777777773,0.16256842959263168
72,-0.7995464852607709,0.20258255169811204
73,0,0.12597672965414722
74,-0.9147392290249432,0.14667258439576533
75,0,0.21775320235218146
76,-1.0798185941043084,0.13128762146282003
77,0,0.2673849213025723
78,0,0.116897767755818
79,0,0.19759715775068198
80,0,0.18790019260584143
81,0,0.20220909641451645
82,0,0.051367426568558604
83,0,0.09445744194671993
84,0.7229024943310658,0.10636733572369228
85,0.9936507936507933,0.1360574451667094
86,0,0.13635341296726586
87,0,0.1088898238694475
88,0,0.07323385441971683
89,0,0.1308835994528545
90,0,0.08764575678691179
91,0,0.43828486574559156
92,0,0.10149412636635263
93,0,0.197287251889276
94,0,0.3759732922911764
95,0,0.2189137772254225
96,1.5582766439909297,0.3055387060508097
97,0,0.213346753245358
98,3.6743764172335602,0.17942283442813248
99,-0.9428571428571427,0.11428571428571434
100,-1.2095238095238094,0.12634761106115808
101,-1.1278911564625846,0.08635377948598205
102,-0.31700680272108833,0.09095656153630233
103,3.4517006802721086,0.0814358928808262
104,0,0.5055672390952913
105,8.066213151927437,0.12339351837350389
106,8.714285714285714,0.0952380952380949
107,4.813151927437643,0.0826542276636336
108,0,0.08231011408029482
109,0,0.07303699642339197
110,8.504761904761905,0.12634761106115763
111,-0.3541950113378686,0.08945168679139506
112,3.0725623582766435,0.09162793654367211
113,8.485714285714286,0.08728715609439665
114,8.77142857142857,0.0761904761904759
115,8.695238095238095,0.09331389496316836
116,6.561904761904762,0.07619047619047627
117,8.6,0.10257456775494257
118,0,0.05225466021164292
119,-2.617233560090703,0.0875929408109415
120,8.542857142857143,0.12634761106115763
121,8.714285714285714,0.0952380952380949
122,4.760997732426302,0.12340351892882309
123,-2.7523809523809524,0.20952380952380956
124,-1.0843537414965987,0.059415623528933564
125,7.587755102040816,0.12803581339884157
126,-1.361904761904762,0.09331389496316869
127,-2.904761904761904,0.09523809523809525
128,-2.5687074829931973,0.0641190294854322
129,-2.523356009070295,0.11152129387272894
130,0,0.08964920789522851
131,3.476190476190476,4.440892098500626e-16
132,2.121541950113378,0.030290575019494965
133,0,0.048805013473425
134,-1.0494331065759641,0.07697602808062924
135,0,0.15154451353914264
136,0.2680272108843537,0.0462585034013605
137,5.658956916099774,0.05573066945549865
138,1.7691609977324265,0.03854608500839161
139,-1.452607709750567,0.07178724331032876
140,-2.2648526077097513,0.0037671763550649598
141,-2.675736961451247,0.06238919044080534
142,0,0.07482855767308057
143,0,0.12228425974677709
144,0,0.07190890577449828
145,0,0.11670406792472832
146,-2.9092970521541948,0.08163265306122458
147,-0.20816326530612256,0.06288010888866044
148,0,0.05005126407735651
149,0.38548752834467137,0.00765620998464132
150,5.0535147392290245,0.037110698495199476
151,0,0.4304177436904003
152,0,0.2736483283954984
153,0,0.3347221442137608
154,0,0.2484515835854336
155,0,0.07459731590005293
156,0,0.15261562752166954
157,0,0.11732716430493183
158,0,0.12881415378007752
159,0,0.14754849563300024
160,0,0.17937869575728685
161,0,0.12078230813587039
162,0,0.1674083793583945
163,0,0.3456273288100199
164,0,0.4754980388310809
165,0,0.4144263743032309
166,0,0.5207931131986167
167,0.785034013605442,0.008163265306122531
168,0,0.11221259756510614
169,0,0.2655738324109385
170,-1.8662131519274379,0.06862923333524518
171,4.657142857142857,0.07619047619047663
172,6.542857142857143,0.057142857142857204
173,0,0.2865570839938723
174,8.638095238095238,0.05714285714285695
175,7.116099773242631,0.09036672376922987
176,8.866666666666667,0.08728715609439745
177,6.389569160997731,0.006151773227324731
178,0,0.09045885523208187
179,0,0.0671584740924613
180,7.8761904761904775,0.057142857142857204
181,2.4666666666666672,0.04665694748158439
182,-2.3569160997732426,0.06856326961982503
183,-1.4680272108843537,0.0033937935480942657
184,0,0.08189552033000415
185,4.62312925170068,0.049822675982586405
186,7.0666666666666655,0.07868317354064697
187,0,0.048014768665334086
188,0,0.07405494377124786
189,0,0.14148569642283554
190,0,0.08726358981083493
191,0,0.09649958192743281
192,0,0.07599045118015958
193,0,0.06442623426015015
194,0,0.08805196262684156
195,0,0.06175298896635748
196,0,0.10311951882308108
197,0,0.09413462888854111
198,0,0.06088086993921919
199,0,0.2013467544460011
200,0,0.08156837983716879
201,0,0.104769757536667
202,0,0.11032625759331227
203,0,0.09749617630320387
204,0,0.10281890293655
205,0,0.09217512751710445
206,0,0.0881966660319836
207,0,0.06729156277910713
208,0,0.04804046333467158
209,0,0.13513597784666412
210,0,0.09408764161344116
211,0,0.11988239875869765
212,0,0.03628401349472946
213,0,0.11654622917294515
214,0,0.13195720349639456
215,0,0.13427406575755463
216,0,0.09984433665797933
217,0,0.09256701329618527
218,0,0.07795178303806038
219,0,0.05239812815358205
220,0,0.06591427591482688
221,0,0.041140061573429886
222,0,0.07858247117384298
223,0,0.07485191733650792
224,0,0.06857526774217068
225,0,0.1228422340575561
226,0,0.07106736587736569
227,0,0.07905868944406193
228,0,0.055573600660464045
229,0,0.06728086423288297
230,0,0.10304270056468834
231,0,0.07202179603122108
232,0,0.09482254661735506
233,0,0.1181586504359157
234,-2.1310657596371887,0.00708412669016489
235,8.847619047619048,0.07619047619047663
236,8.847619047619048,0.07619047619047663
237,-1.2702947845804993,0.05650582540470753
238,0,0.601953309806863
239,7.038548752834467,0.07029478458049881
240,7.199092970521541,0.14915671623812624
241,-1.808163265306122,0.06744421385948776
242,2.6734693877551017,0.08148134124798424
243,-1.4825396825396824,0.0509957108276484
244,7.999546485260771,0.055365959045920676
245,2.39047619047619,0.08728715609439665
246,8.485714285714286,0.08728715609439665
247,8.828571428571427,0.05714285714285748
248,8.847619047619048,0.07619047619047663
249,7.723809523809524,0.08728715609439663
250,0.4253968253968251,0.07416179420431
251,6.7904761904761894,0.09331389496316836
252,-2.307482993197279,0.07236509467739968
253,-0.8857142857142856,0.05714285714285714
254,1.533786848072562,0.08404228948396746
255,0,0.5263811772686056
256,0,0.13056893335803918
257,0,0.13286124331329024
258,0,0.26644290054769004
259,0,0.4792535111952398
260,0,0.15121843567118518
261,0,0.4434891858275919
262,0,0.07550850167978723
263,0,0.22647647000630894
264,0,0.10325804604631443
265,0,0.16497218119607393
266,0,0.5195666032538128
267,0,0.24536991560369298
268,0,0.06942775957645209
269,0,0.060711718495578215
270,0,0.08971800830025028
271,0,0.12189342350898752
272,0,0.08628706390222424
273,0,0.0618860702886757
274,0,0.11740777504388998
275,0,0.10321919745945311
276,0,0.11438015750015035
277,0,0.0967688237176617
278,0,0.05031561577237549
279,0,0.0642344034509544
280,0,0.0762943358629673
281,0,0.11588078127615375
282,0,0.06875648402712907
283,0,0.1119915140901409
284,0,0.06743353953184883
285,0,0.10618057597577796
286,0,0.4480232146667086
287,0,0.6303489442743284
288,0,0.3097130483946142
289,0,0.22034656623673016
290,0,0.1577560000065707
291,0,0.08374810011707425
292,0,0.08380088498830723
293,0,0.09435286683362072
294,0,0.1119226230786247
295,0,0.15510535594712035
296,0,0.18190464318358715
297,0,0.1827889454585989
298,0,0.10851139799504991
299,0,0.11112499334814892
300,0,0.06413666949537848
301,0,0.09617186125488592
302,0,0.11483509031841735
303,0,0.035827664399092976
304,0,0.12979477744474957
305,0,0.09474442834517616
306,0,0.05600310267766737
307,0,0.09504461504384958
308,0,0.07751786165703944
309,0,0.09065304749811837
310,0,0.17503788979453697
311,0,0.10443549388945636
312,0,0.14020941947947263
313,0,0.11539343668565082
314,0,0.09243805265585807
315,0,0.06420718107176268
316,0,0.1646633266314475
317,0,0.07083546000242875
318,0,0.08234633855159192
319,0,0.05561059793548963
320,0,0.06841912803862536
321,0,0.0830613204422174
322,0,0.06535806702112712
323,0,0.113994698407235
324,0,0.10138970903471055
325,0,0.10084866716519335
326,0,0.07073230821080373
327,0,0.1601626324697168
328,0,0.12378626445861225
329,0,0.5793987591774361
330,0,0.4379496760566568
331,0,0.27405952352750823
332,0,0.5552657858767994
333,0,0.30097255471128087
334,0,0.3779280120925641
335,0,0.20353112952651628
336,0,0.2068569169547377
337,0,0.33111825136000644
338,0,0.6232823848779953
339,0,0.7586741789043366
340,0,0.5058379063444359
341,0,0.590168890850654
342,-1.7410430839002267,0.04910540656195622
343,-1.9668934240362812,0.07187314407494794
344,0,0.07928599882630459
345,-2.2621315192743765,0.06878041076986974
346,-1.2367346938775508,0.08597185023907684
347,0.45668934240362863,0.08442685734762881
348,0,0.043784728409387005
349,0.34965986394557846,0.08143589288082585
350,-0.5147392290249432,0.03465754770892118
351,-0.6952380952380955,0.057142857142857106
352,1.971428571428571,0.05714285714285721
353,0,0.30000642729423416
354,0,0.24164463753791152
355,0,0.6310222073567334
356,0,0.06226379153920881
357,-2.031746031746032,0.1218301318366646
358,-2.3591836734693876,0.11348838230623269
359,4.485260770975057,0.13157008948737087
360,3.752380952380952,0.08075746524807474
361,0,0.40892446028123425
362,0,0.5426364026263233
363,0,0.2137223996283967
364,0,0.3693670832716919
365,0,0.5203187865093988
366,0,0.4273552913929166
367,0,0.44668347112303125
368,0,0.3741361916080693
369,0,0.23160354348850262
370,0,0.0745255956522321
371,0,0.1612377247391012
372,0,0.24222272744781378
373,0,0.4141252650981838
374,0,0.22271452710430908
375,0,0.10122627783106962
376,0,0.080700141204663
377,0,0.10436851269354759
378,0,0.18006362821837943
379,0,0.0742283244408759
380,0,0.10214154766036475
381,0,0.06880881297063104
382,0,0.10078746515253807
383,0,0.09770690619134856
384,0,0.08838884757842708
385,0,0.07340917439602167
386,0,0.09477915552616281
387,0,0.08506756707623295
388,0,0.12113598563600618
389,0,0.09104809614495901
390,0,0.057952369905976776
391,0,0.15593324635270295
392,0,0.24621966344087742
393,0,0.47798151463239025
394,0,0.4446702189278927
395,0,0.21172339365219886
396,0,0.435132207907554
397,0,0.07391594641951688
398,0,0.11323437528087564
399,0,0.09558730922585193
400,0,0.15471700361157661
401,0,0.15065975335008366
402,0,0.1648954895304611
403,0,0.1368863454324788
404,0,0.11239848398846018
405,0,0.18104783256442716
406,0,0.06943960832806603
407,0,0.06423440345095444
408,0,0.09020726233605862
409,0,0.15143657801351168
410,0,0.109630563504137
411,0,0.08386957827168673
412,0,0.10822290934342843
413,0,0.11789726030416288
414,0,0.09398703180470767
415,0,0.0459909563141486
416,0,0.0695298886630476
417,0,0.08822464572899111
418,0,0.11055067136228568
419,0,0.10120189281176586
420,0,0.2916646337764581
421,0,0.27090474329444386
422,0,0.17269326770666454
423,0,0.405915706571474
424,0,0.10833308118264201
425,0,0.059891425013040074
426,0,0.06518633508872904
427,0,0.04712190551604731
428,0,0.11888316034851087
429,0,0.3527706311861682
430,0,0.2922746803394715
431,0,0.07588211001987483
432,0,0.09093394621445393
433,0,0.18603172391986078
434,0,0.09867046714537807
435,0,0.0820711327857721
436,0,0.13203822862691497
437,0,0.12017798309420152
438,0,0.15433900173036025
439,0,0.05831853934033021
440,0,0.17681783033014453
441,0,0.10341727211783566
442,0,0.18678201504969513
443,0,0.16334150401266495
444,0,0.307730386967869
445,0,0.37399460815279206
446,0,0.521830542258538
447,0,0.5234960925796085
448,0,0.10397758843548363
449,0,0.07179440563295884
450,0,0.276777782598687
451,0,0.542791782788363
452,0,0.08389900103290465
453,0,0.10909739858691798
454,0,0.3176416715553493
455,0,0.3945202890896758
456,0.4462585034013604,0.01960631865870049
457,-2.7111111111111112,0.08404228948396755
458,-0.4988662131519277,0.07372230479369107
459,0,0.10437245395379954
460,0.4140589569160996,0.050574519217961474
461,0.7596371882086168,0.04230103878951844
462,-2.0004535147392293,0.042310762048764126
463,-0.4770975056689343,0.07675125663550121
464,4.019047619047621,0.05198829969627774
465,-2.3718820861678003,0.055219027945060783
466,0,0.07674455692122452
467,2.983673469387755,0.04665694748158427
468,1.6063492063492064,0.03232704469332742
469,0,0.12214289450424852
470,0,0.3476077317539968
471,0,0.1977495883875019
472,0,0.11197406570919438
473,0,0.1491091358074703
474,1.5378684807256235,0.03057106493669431
475,-2.9619047619047616,0.0629454932350022
476,0,0.780561449265141
477,-1.384126984126984,0.031094711503713273
478,0.948299319727891,0.11630155367858733
479,-1.7455782312925165,0.14277001266177594
480,-1.1986394557823132,0.07492744282290577
481,0,0.13164432244305488
482,0,0.3502014857474204
483,0,0.4586334712142509
484,0,0.19396438892805246
485,0,0.4045585342476688
486,0,0.12492334947609755
487,0,0.29314878424933094
488,0,0.15525910017458183
489,0,0.29118648343049786
490,0,0.17767188757196
491,0,0.09714535546457008
492,0,0.09041223252155724
493,0,0.13427789510249843
494,0,0.19159642507320548
495,2.202721088435374,0.22792262956595308
496,0,0.07011167725052292
497,1.2167800453514737,0.13071613404225427
498,2.0158730158730163,0.24452814943861584
499,0,0.3719044846968503
500,0,0.09175019017794586
501,0,0.04821141116899361
502,0,0.19976487739904386
503,0,0.2013120204654129
504,0,0.1148610576365258
505,0,0.17716354623845462
506,0,0.15175879901779643
507,0,0.29528267703848105
508,0,0.2971144626625611
509,0,0.2839962020729166
510,0,0.28783148179797374
511,0,0.2784358903042821
512,-1.6739229024943314,0.008163265306122488
513,0,0.11428571428571428
514,0,0.08183899344005101
515,0,0.04543303323852404
516,2.168253968253968,0.10450932042328581
517,0,0.46389592391158174
518,-2.8149659863945575,0.05824796138957743
519,-1.1528344671201818,0.02117967243326186
520,0.14557823129251699,0.0269984146324484
521,0,0.03897061416587903
522,-2.988208616780045,0.0036281179138322405
523,-2.6879818594104306,0.04248540019457734
524,-2.370521541950113,0.06922007810735199
525,-1.5836734693877554,0.0649033307816566
526,-1.2594104308390022,0.07204463833944875
527,1.8852607709750564,0.04277487935619627
528,-1.1877551020408168,0.08350584516269495
529,0.33650793650793653,0.05985879177979906
530,-0.1809523809523808,0.046656947481584374
531,-1.7773242630385488,0.04972970580271302
532,4.306122448979593,0.0802605779796057
533,-2.980952380952381,0.05714285714285707
534,-1.419047619047619,0.08728715609439695
535,7.640816326530613,0.07416179420430945
536,-1.5142857142857138,0.07858247117384308
537,6.561904761904762,0.07619047619047627
538,0,0.08808465836774441
539,6.892063492063491,0.055647570612890426
540,0,0.08728715609439687
541,7.988662131519275,0.05150937275102312
542,8.885714285714286,0.09331389496316923
543,2.2190476190476183,0.09331389496316879
544,8.847619047619048,0.07619047619047663
545,0,0.21737316747288968
546,1.2222222222222219,0.05118893808443523
547,-1.6235827664399092,0.08931477409253626
548,7.482993197278913,0.11109259876324619
549,1.5804988662131516,0.041267349355382524
550,0,0.33042556061123574
551,0,0.2628199106976964
552,8.657142857142857,0.0761904761904759
553,-1.2335600907029478,0.07372230479369095
554,3.7809523809523804,0.045206116260778785
555,7.952380952380953,0.09523809523809534
556,7.133786848072562,0.0846324608005513
557,4.401360544217687,0.0
558,-2.7795918367346935,0.07131005536871102
559,4.137868480725624,0.05777464509496677
560,2.458049886621315,0.03646495406390059
561,1.4988662131519273,0.021077460387523343
562,7.459863945578232,0.0733853554872338
563,5.459863945578232,0.0429380512600259
564,-2.958276643990929,0.036999688080491866
565,-0.9156462585034012,0.036910639363947166
566,5.572789115646258,0.06310376893349093
567,7.9142857142857155,0.08728715609439704
568,4.068934240362812,0.049182831877666665
569,6.245804988662131,0.08999839742986904
570,-2.580952380952381,0.07619047619047618
571,5.282993197278911,0.05393585033040713
572,7.096145124716553,0.05564757061289069
573,0,0.06320635425010195
574,7.895238095238095,0.07619047619047627
575,3.7700680272108835,0.048371126080629094
576,-1.1968253968253968,0.09036672376922945
577,7.876190476190476,0.057142857142857204
578,-1.6725623582766438,0.05491275121254569
579,1.1587301587301586,0.05118893808443523
580,1.8462585034013603,0.03757336086568341
581,0.893877551020408,0.025348187959151256
582,2.3360544217687074,0.049853627514417326
583,0.7319727891156462,0.03372210692974384
584,8.847619047619048,0.07619047619047663
585,2.2190476190476183,0.09331389496316879
586,1.0380952380952382,0.07619047619047628
587,7.092517006802721,0.07394376679252193
588,6.980952380952381,0.09331389496316879
589,7.770975056689343,0.07040442039120128
590,0,0.3457864758436237
591,7.995011337868479,0.08894440397011422
592,3.6176870748299317,0.0643223969215111
593,7.574149659863944,0.11638994350854809
594,8.156009070294784,0.10258760028949092
595,2.9523809523809526,0.04761904761904758
596,-2.9034013605442177,0.05550879609318053
597,-2.6244897959183673,0.05041158542073553
598,0,0.07394376679252176
599,8.847619047619048,0.07619047619047663
600,-2.9600907029478454,0.03564060354537601
601,4.89297052154195,0.055365959045920676
602,6.961904761904762,0.08728715609439705
603,0,0.1575831574094078
604,-2.6621315192743764,0.0846324608005511
605,8.828571428571427,0.05714285714285748
606,0,0.08374196018201385
607,-2.6526077097505674,0.09036672376922944
608,-2.849433106575964,0.0881453468535606
609,0,0.09914873610534934
610,6.34829931972789,0.0020782656212948677
611,7.6367346938775515,0.05536595904592014
612,-2.355102040816326,0.0898325585477424
613,-2.98095238095238,0.05714285714285707
614,8.366439909297052,0.05550879609318008
615,7.35374149659864,0.08026057797960644
616,3.7428571428571424,0.09331389496316836
617,6.7142857142857135,8.881784197001252e-16
618,9.0,0.0
619,9.0,0.0
620,7.476190476190477,8.881784197001252e-16
621,-2.7687074829931975,0.0
622,8.428571428571429,0.0
623,8.342403628117916,1.7763568394002505e-15
624,1.6575963718820854,2.220446049250313e-16
625,-2.619047619047619,4.440892098500626e-16
626,-2.0476190476190474,0.0
627,8.714285714285712,1.7763568394002505e-15
628,9.0,0.0
629,8.142857142857142,1.7763568394002505e-15
630,9.0,0.0
631,8.714285714285712,1.7763568394002505e-15
632,9.0,0.0
633,-2.9999999999999996,0.0
634,9.0,0.0
635,-0.6054421768707485,0.0
636,5.680272108843537,0.0
637,5.571428571428571,8.881784197001252e-16
638,-2.6190476190476195,4.440892098500626e-16
639,1.6575963718820854,2.220446049250313e-16
640,-3.0,0.0
641,8.428571428571429,0.0
642,-2.7687074829931975,0.0
643,-1.4761904761904763,0.0
644,-3.0,0.0
645,-2.9365079365079363,0.0
646,-2.7034013605442175,0.003008276453837096
647,6.718820861678003,8.881784197001252e-16
648,-0.10204081632653073,0.0
649,9.0,0.0
650,-1.6621315192743764,0.0
651,9.0,0.0
652,6.904761904761903,8.881784197001252e-16
653,-2.7052154195011333,0.0
654,0,0.12439951457483261
655,-1.943310657596372,4.440892098500626e-16
656,-3.0,0.0
657,8.619047619047619,0.0
658,8.619047619047619,0.0
659,9.0,0.0
660,7.095238095238095,0.0
661,9.0,0.0
662,8.619047619047619,0.0
663,9.0,0.0
664,7.666666666666667,0.0
665,7.004535147392291,0.0
666,7.136054421768708,0.0
667,7.5306122448979576,8.881784197001252e-16
668,9.0,0.0
669,-2.070294784580498,4.440892098500626e-16
670,8.809523809523808,0.0
671,8.428571428571429,0.0
672,0.9319727891156468,2.220446049250313e-16
673,-2.6190476190476195,4.440892098500626e-16
674,9.0,0.0
675,-2.931972789115646,4.440892098500626e-16
676,3.403628117913833,0.0
677,-1.5487528344671198,0.0
678,8.714285714285712,1.7763568394002505e-15
679,0,0.11220159956473025
680,8.619047619047619,0.0
681,4.360544217687076,8.881784197001252e-16
682,9.0,0.0
683,-1.9931972789115648,2.220446049250313e-16
684,6.4421768707483,8.881784197001252e-16
685,-3.0,0.0
686,-0.038548752834467015,0.0
687,-2.4376417233560086,0.0
688,0,0.47466422073817577
689,0,0.0984711990559464
690,0,0.05476272634041429
691,0,0.11441611536189783
692,0,0.0911835340720322
693,-1.54421768707483,0.0
694,3.149659863945579,4.440892098500626e-16
695,0.7151927437641727,0.09883708406098808
696,-2.850340136054422,0.12275095040696536
697,6.4603174603174605,0.0
698,-1.9659863945578233,0.0
699,9.0,0.0
700,9.0,0.0
701,-1.54875283446712,0.0
702,3.335600907029479,0.0
703,-2.9591836734693873,4.440892098500626e-16
704,-2.6190476190476195,4.440892098500626e-16
705,9.0,0.0
706,1.099773242630386,0.0
707,1.1904761904761902,2.220446049250313e-16
708,9.0,0.0
709,4.365079365079365,8.881784197001252e-16
710,-1.9931972789115648,4.440892098500626e-16
711,-3.0,0.0
712,-1.73015873015873,0.0
713,0.047619047619048005,0.0
714,8.428571428571429,0.0
715,-3.0,0.0
716,9.0,0.0
717,0,0.6442489342966765
718,-1.8707482993197277,0.0
719,4.505668934240362,0.0
720,-2.5873015873015874,4.440892098500626e-16
721,0.8820861678004533,1.1102230246251565e-16
722,0.3287981859410428,5.551115123125783e-17
723,0,0.13026534936450815
724,0,0.06914426770625547
725,0,0.10809359936005926
726,0,0.10616507855528003
727,0,0.13081758235713054
728,0,0.17484507788551423
729,-0.34421768707483,0.05435369892636231
730,0,0.20476579701641634
731,-0.6589569160997731,0.1477762311431568
732,0,0.46708253376237424
733,0,0.43714304299023127
734,0,0.25977488946639726
735,0,0.34500192988023093
736,0,0.21645342047868607
737,0,0.3281031045336377
738,0,0.12907255755789304
739,0,0.14758682435295453
740,0.699319727891156,0.14516793574137754
741,1.6594104308390023,0.15374350328792954
742,-0.42630385487528305,0.12191451343137462
743,0,0.17011095452183456
744,0,0.1423841285376999
745,0,0.3916458865873186
746,0,0.1990971027314088
747,0,0.21149352437358418
748,0,0.5367622355214795
749,0,0.2837600082612942
750,0,0.5161356387156967
751,0,0.2309525757610356
752,0,0.218975777292307
753,0,0.06404199803610301
754,0,0.12146746964894603
755,0,0.10214054083876711
756,0,0.2106887152409231
757,0,0.040906928920742644
758,-0.4063492063492067,0.042516855630872596
759,0,0.6325898260808852
760,2.424036281179138,0.0
761,-2.356009070294785,0.0
762,5.861678004535149,8.881784197001252e-16
763,-2.038548752834467,4.440892098500626e-16
764,-2.4666666666666663,0.29261507610928034
765,-2.580952380952381,0.26666666666666666
766,7.60952380952381,0.1714285714285714
767,-1.7047619047619047,0.20514913550988578
768,-2.04671201814059,0.19786760238318657
769,-1.4081632653061225,0.0
770,-1.108843537414966,0.0
771,0.015873015873015983,0.0
772,-1.8344671201814067,4.440892098500626e-16
773,0,0.06526359159298753
774,-2.578231292517007,0.0
775,-0.7777777777777777,0.0
776,-1.789115646258503,4.440892098500626e-16
777,4.333333333333334,0.0
778,0,0.6708070175559201
779,8.619047619047619,0.0
780,6.804988662131519,0.0
781,3.4761904761904754,0.0
782,0,0.1283222338824345
783,0,0.1268512424237714
784,0,0.11535332603476976
785,0,0.09243805265585801
786,0,0.4482781575011937
787,-1.2857142857142854,2.220446049250313e-16
788,-1.126984126984127,0.0
789,-1.4444444444444446,0.0
790,-2.4376417233560086,0.0
791,1.276643990929705,0.0
792,-2.0521541950113376,4.440892098500626e-16
793,-1.163265306122449,0.0
794,-1.9478458049886622,0.0
795,2.977324263038549,0.06814804083904498
796,-1.476190476190476,0.0
797,0,0.11006495328355193
798,-2.2857142857142856,0.14285714285714263
799,0.9682539682539677,2.220446049250313e-16
800,0,0.6419923636705798
801,1.87437641723356,0.04334803862257979
802,-3.0,0.0
803,0,0.3813419884391015
804,9.0,0.0
805,-2.142857142857143,0.0
806,-2.219954648526077,0.0
807,4.7142857142857135,0.0
808,4.047619047619048,8.881784197001252e-16
809,1.0,0.0
810,9.0,0.0
811,9.0,0.0
812,8.2562358276644,0.0
813,8.428571428571429,0.0
814,8.809523809523808,0.0
815,9.0,0.0
816,0,0.8456370621113567
817,0,0.11774713491551073
818,1.2666666666666666,0.09331389496316865
819,0,0.5726970048903964
820,8.428571428571429,0.0
821,0,0.11313261278674691
822,2.8027210884353737,0.07372230479369077
823,8.714285714285712,1.7763568394002505e-15
824,8.809523809523808,0.0
825,9.0,0.0
826,9.0,0.0
827,5.571428571428571,0.0
828,9.0,0.0
829,9.0,0.0
830,9.0,0.0
831,8.528344671201811,1.7763568394002505e-15
832,-2.428571428571428,4.440892098500626e-16
833,8.2562358276644,0.0
834,9.0,0.0
835,9.0,0.0
836,8.809523809523808,0.0
837,9.0,0.0
838,9.0,0.0
839,9.0,0.0
840,8.619047619047619,0.0
841,9.0,0.0
842,9.0,0.0
843,1.952380952380952,2.220446049250313e-16
844,-3.0,0.0
845,8.809523809523808,0.0
846,9.0,0.0
847,2.7687074829931966,0.0
848,8.238095238095239,0.0
849,9.0,0.0
850,1.9523809523809526,0.0
851,4.047619047619048,8.881784197001252e-16
852,4.7142857142857135,0.0
853,-2.482993197278911,0.0
854,-2.142857142857143,0.0
855,-2.8095238095238093,4.440892098500626e-16
856,9.0,0.0
857,8.714285714285712,1.7763568394002505e-15
858,-1.761904761904762,2.220446049250313e-16
859,7.979591836734694,8.881784197001252e-16
860,-2.954648526077097,0.0
861,-2.9999999999999996,0.0
862,-2.791383219954649,4.440892098500626e-16
863,-0.4965986394557821,0.0
864,-1.380952380952381,2.220446049250313e-16
865,-2.510204081632652,4.440892098500626e-16
866,3.766439909297051,8.881784197001252e-16
867,-1.5124716553287976,2.220446049250313e-16
868,-0.6598639455782311,0.0
869,-1.639455782312925,0.0
870,7.884353741496598,8.881784197001252e-16
871,9.0,0.0
872,-3.0,0.0
873,4.342403628117914,0.0
874,9.0,0.0
875,9.0,0.0
876,-3.0,0.0
877,-1.5714285714285714,0.0
878,-2.950113378684807,0.0
879,1.1904761904761902,0.0
880,9.0,0.0
881,9.0,0.0
882,9.0,0.0
883,9.0,0.0
884,-2.4376417233560086,0.0
885,-1.3718820861678005,2.220446049250313e-16
886,8.428571428571429,0.0
887,-0.23356009070294786,5.551115123125783e-17
888,-1.0952380952380956,2.220446049250313e-16
889,8.428571428571429,0.0
890,8.714285714285712,1.7763568394002505e-15
891,8.714285714285712,1.7763568394002505e-15
892,9.0,0.0
893,8.809523809523808,0.0
894,-3.0,0.0
895,-0.2108843537414966,0.0
896,7.263038548752834,0.0
897,4.142857142857144,8.881784197001252e-16
898,-2.1383219954648522,0.0
899,2.242630385487529,4.440892098500626e-16
900,2.0113378684807257,0.0
901,0,0.7916845095020795
902,0,0.23427054396356609
903,0,0.49176558690607225
904,0,0.5990248192752133
905,0,0.32431980220858686
906,0,0.11266532955423306
907,0,0.11221534689677937
908,0,0.043167361575658265
909,0,0.16854892214736492
910,0,0.0680952041156038
911,0,0.06776821445122322
912,0,0.05198632156338177
913,0,0.06695450533863241
914,0,0.09736951945810171
915,0,0.1345219819788656
916,0,0.06943960832806607
917,0,0.1390161386619554
918,0,0.08306132044221735
919,0,0.09766479658882767
920,0,0.07317766331620845
921,0,0.09720567678177787
922,0,0.06700517204334308
923,0,0.06815558559864089
924,0,0.08542465072450689
925,0,0.1002872761337686
926,0,0.09281110163493217
927,0,0.15130273977545447
928,0,0.06329740162310357
929,0,0.07873935388375769
930,0,0.07689582798792112
931,0,0.06125135884753644
932,0,0.08082365572941032
933,0,0.2889956622668689
934,0,0.28750151880983005
935,0,0.15443825019181662
936,0,0.26941562114896384
937,0,0.09813120027513662
938,0,0.08281954001296206
939,0,0.08477814869057107
940,0,0.0736106254191474
941,0,0.3136961811855945
942,0,0.30302285654652433
943,0,0.058129551345154525
944,0,0.1416164676286639
945,0,0.06693146233917574
946,0,0.08113859056517642
947,0,0.06225553275608972
948,0,0.13996569938868234
949,0,0.14708217856107253
950,0,0.19555900526618714
951,0,0.33328273329058716
952,0,0.5982964728998681
953,0,0.08024648245134956
954,0,0.3398081563867174
955,0,0.5248394229736779
956,0,0.07323385441971686
957,0,0.3906402324892394
958,0,0.497297885200525
959,0,0.08231136346537975
960,0,0.37095980985361804
961,0,0.7471880706396113
962,0,0.12730442274691514
963,0,0.12611379749375304
964,0,0.08552691610828321
965,0,0.1741526124088336
966,0,0.14096650515680353
967,0,0.08355632158432184
968,0,0.07719881299212052
969,0,0.22830717546982163
970,0,0.21359003560039538
971,0,0.26609530472264653
972,0,0.10614570359781328
973,0,0.40848160928907223
974,0,0.3304716192002222
975,0,0.33006059940582944
976,0,0.24248411468254125
977,0,0.273283932859457
978,0,0.4048494858784328
979,0,0.2495221444877685
980,0,0.09788461930786141
981,0,0.08279470209853204
982,0,0.33008427806721785
983,0,0.0601997043303224
984,0,0.44904463671398087
985,0,0.7429617927333904
986,0,0.3364483386601624
987,0,0.5167600954918027
988,0,0.09068480544181398
989,0,0.12388176607058753
990,0,0.07463728379593226
991,0,0.07491783471676772
992,0,0.08611527220983525
993,0,0.07441097587700396
994,0,0.05568451874166288
995,0,0.05365292125594649
996,0,0.08035789771168411
997,0,0.05253924703062902
998,0,0.08394924106080984
999,0,0.08380088498830729
1000,0,0.045360543310838976
1001,0,0.0656907920176193
1002,0,0.09406905877525026
1003,0,0.09995962801034279
1004,0,0.12130480808330554
1005,0,0.0726246897817179
1006,0,0.09847537634348298
1007,0,0.05800912684670833
1008,0,0.05366058760181057
1009,0,0.06267042057188099
1010,0,0.07128120709075196
1011,0,0.11188954032672915
1012,0,0.08123359249907443
1013,0,0.0753175891761594
1014,0,0.09336237315117903
1015,0,0.14159250194909112
1016,0,0.29102221387709415
1017,0,0.23969444575770016
1018,0,0.07623365583474172
1019,0,0.07150016208622716
1020,0,0.11594022483859759
1021,0,0.06217619262263537
1022,0,0.06848673217789863
1023,0,0.06323400748890773
1024,0,0.08001547559346955
1025,0,0.09384139433199132
1026,0,0.08143210437193225
1027,0,0.07753510597737631
1028,0,0.07642227992246482
1029,0,0.0840765445236098
1030,0,0.26598707115610465
1031,0,0.09737796837299098
1032,0,0.14430679373318084
1033,0,0.13102495265063405
1034,0,0.40819752942601084
1035,0,0.1817462792975767
1036,0,0.19981635019218222
1037,0,0.33614713162953785
1038,0,0.2508723679427403
1039,0,0.08726005431935947
1040,0,0.5484634082419982
1041,0,0.20991854522747985
1042,0,0.14082417700976282
1043,0,0.10164093984010752
1044,0,0.7451329973606992
1045,0,0.0954495008150661
1046,0,0.06970714806775238
1047,0,0.13037345897389918
1048,0,0.07658358794670911
1049,0,0.06696679169626199
1050,0,0.06326652523634593
1051,0,0.05437639832134915
1052,0,0.1694131002478545
1053,0,0.30497509010593205
1054,0,0.0795398141256916
1055,0,0.0739117724603922
1056,0,0.07058531141349193
1057,0,0.11389361525415852
1058,0,0.0899240936831137
1059,0,0.09910723912278195
1060,0,0.09793818537015353
1061,0,0.05150937275102286
1062,0,0.06551522331953046
1063,0,0.07407854738370992
1064,0,0.08492843029350734
1065,0,0.061877761091376104
1066,0,0.07736913600775014
1067,0,0.46857730157683253
1068,0,0.05802330740717112
1069,0,0.2541062954939518
1070,0,0.24009783023652226
1071,0,0.28495165107796727
1072,0,0.5928776868316298
1073,0,0.12019509612693917
1074,0,0.14778527759529625
1075,0,0.03453865354133293
1076,0,0.14816889422358548
1077,0,0.07427264482363792
1078,0,0.12403773208618006
1079,0,0.12371895385713123
1080,0,0.05330679457565574
1081,0,0.26228055614589124
1082,0,0.34051679370798704
1083,0,0.1706662193216097
1084,0,0.17512071015719663
1085,0,0.15676726062096574
1086,0,0.1337553289286983
1087,0,0.14230249019088667
1088,0,0.09049977244265246
1089,0,0.09658479881257274
1090,0,0.09011259125013867
1091,0,0.09085701201372266
1092,0,0.09025854852039174
1093,0,0.12019424053316971
1094,0,0.06800301913007374
1095,0,0.11428301476133637
1096,0,0.05782979820152409
1097,0,0.10409521744769953
1098,0,0.12514377455606118
1099,0,0.08648229991352564
1100,0,0.12287571563575662
1101,0,0.09420561167573152
1102,0,0.0826392959992243
1103,0,0.12432012856757751
1104,0,0.13286046928689746
1105,0,0.14258261063180955
1106,0,0.07615267391765032
1107,0,0.09115082167991254
1108,0,0.08670200798016227
1109,0,0.0613654210670891
1110,0,0.06751127098749532
1111,0,0.05264679133217759
1112,0,0.13585851352629533
1113,0,0.1099050654451973
1114,0,0.08543548461834975
1115,0,0.11630597476547287
1116,0,0.0696126658887798
1117,0,0.07095150768836085
1118,0,0.12810968608822385
1119,0,0.10642532896861785
1120,0,0.10863169104094234
1121,0,0.06112194317943383
1122,0,0.06564067745006734
1123,0,0.07918216693415842
1124,0,0.09301033382401842
1125,0,0.11068361465061528
1126,0,0.42246571524440846
1127,0,0.18991657345521373
1128,0,0.18644310295777983
1129,0,0.0460803112775711
1130,0,0.1309896286515062
1131,0,0.18137187889679426
1132,0,0.3214421485892613
1133,0,0.3256415838984915
1134,0,0.16272586619609744
1135,0,0.3499385673814276
1136,0,0.5206303775667532
1137,0,0.5852387625329305
1138,0,0.10029240316406944
1139,0,0.42390311610268705
1140,0,0.21519931460975847
1141,0,0.23090804379403304
1142,0,0.21510371890037194
1143,0,0.36653868137403117
1144,0,0.4742344016381577
1145,0,0.3473937703857683
1146,0,0.18603172391986078
1147,0,0.3076304504651703
1148,0,0.2888856850778324
1149,0,0.260783199950066
1150,0,0.10159641196596293
1151,0,0.1798807772086373
1152,0,0.1973748040200772
1153,0,0.05817729781705064
1154,0,0.09862146993737383
1155,0,0.09054407855459747
1156,0,0.15052932350986212
1157,0,0.08623460830573665
1158,0,0.06282284176313067
1159,0,0.09607236368847248
1160,0,0.10461259004202272
1161,0,0.06258667716138035
1162,0,0.12550154931271001
1163,0,0.10527404731424286
1164,0,0.0943147116470624
1165,0,0.10419001466013375
1166,0,0.09381947440589479
1167,0,0.09720885055106636
1168,0,0.11017795011331859
1169,0,0.08429642311745013
1170,0,0.07608917788180637
1171,0,0.2930084289903306
1172,0,0.3314308551292974
1173,0,0.11179759242782003
1174,0,0.32362050416595256
1175,0,0.30850371387054254
1176,0,0.421180434843778
1177,0,0.1453095478320415
1178,0,0.0961461943208377
1179,0,0.30323285573563674
1180,0,0.4662848352736694
1181,0,0.1946571692928581
1182,0,0.052507920056371435
1183,0,0.13921942250857797
1184,0,0.3725407584244861
1185,0,0.16721107500940874
1186,0,0.06199896481269966
1187,0,0.3698178426021758
1188,0.4739229024943311,5.551115123125783e-17
1189,-0.8775510204081636,0.0
1190,6.160997732426304,0.0
1191,0,0.7402999907369221
1192,-2.623582766439909,0.0
1193,-2.238095238095238,0.0
1194,-2.8095238095238093,4.440892098500626e-16
1195,0.9591836734693882,0.0
1196,-0.3514739229024945,5.551115123125783e-17
1197,0.2380952380952377,0.0
1198,-2.8095238095238093,0.0
1199,-2.4285714285714293,4.440892098500626e-16
1200,-1.5034013605442176,2.220446049250313e-16
1201,-1.3083900226757372,2.220446049250313e-16
1202,-1.2857142857142854,2.220446049250313e-16
1203,9.0,0.0
1204,9.0,0.0
1205,-2.7142857142857144,0.0
1206,5.253968253968254,0.0
1207,-2.0204081632653055,0.0
1208,-1.072562358276644,0.0
1209,-1.335600907029478,0.0
1210,1.380952380952381,2.220446049250313e-16
1211,0.12018140589569115,0.0
1212,1.761904761904762,2.220446049250313e-16
1213,0,0.06260474894054385
1214,0,0.8098224135978824
1215,-0.2888888888888891,0.014597257994948824
1216,7.195011337868481,0.0
1217,2.8231292517006805,4.440892098500626e-16
1218,6.27891156462585,0.0
1219,8.809523809523808,0.0
1220,0,0.08866300142818945
1221,-2.537414965986394,4.440892098500626e-16
1222,-0.4512471655328795,5.551115123125783e-17
1223,-0.7142857142857146,0.0
1224,0,0.67316560179323
1225,0,0.48069674323893175
1226,0,0.5662537888043553
1227,0,0.5414297447687171
1228,0,0.062420500803937434
1229,0,0.3039009001593478
1230,0,0.09467602198273994
1231,0,0.14368904379728148
1232,0,0.25509952127755525
1233,0,0.12227753177451556
1234,0,0.10341329445395153
1235,0,0.14564814901847767
1236,0,0.2693266687499131
1237,0,0.17226636632906026
1238,0,0.19424836242258228
1239,0,0.23288986458999947
1240,0,0.07403411080496757
1241,-0.5963718820861679,0.0
1242,-0.4331065759637188,0.0
1243,0.46485260770975045,5.551115123125783e-17
1244,-0.832199546485261,1.1102230246251565e-16
1245,-0.006802721088435486,0.0
1246,-1.4671201814058956,0.0
1247,0,0.2075512570007172
1248,2.245351473922903,0.030436211765192844
1249,-1.653061224489796,0.0
1250,-0.20181405895691618,0.0
1251,-0.46938775510204084,5.551115123125783e-17
1252,-0.1065759637188207,0.0
1253,-0.7052154195011341,0.0
1254,2.0566893424036286,0.0
1255,3.0181405895691613,0.0
1256,3.612244897959184,8.881784197001252e-16
1257,-0.5374149659863947,0.0
1258,1.5714285714285714,0.0
1259,-2.705215419501134,0.0
1260,-1.589569160997733,2.220446049250313e-16
1261,-1.612244897959183,0.0
1262,-1.3673469387755102,0.0
1263,0,0.25585989720891844
1264,0,0.4192851070910797
1265,0,0.3341837455932252
1266,0,0.20419497986127397
1267,0,0.3332024979630002
1268,0,0.10980677333639219
1269,0,0.4262227934703213
1270,0,0.28083110638623726
1271,0,0.12605751980982813
1272,0,0.44395108903356184
1273,0,0.4356112355222513
1274,0,0.17675209695431318
1275,0,0.08363505315535635
1276,0,0.34249972371710613
1277,0,0.16751891562080323
1278,0,0.23575962737376038
1279,0,0.3652198994311272
1280,0,0.43649704023859304
1281,0,0.1471262206890709
1282,0,0.1210807916260516
1283,0,0.10321919745945306
1284,0,0.08275867388160844
1285,0,0.08125890758975068
1286,0,0.10349679329230592
1287,0,0.0790586894440619
1288,0,0.0548527905026956
1289,0,0.11153143690840382
1290,0,0.07507141685051029
1291,0,0.08554014151729582
1292,0,0.09090227531151054
1293,0,0.12664434618918619
1294,0,0.0734147777220658
1295,0,0.09304902387832861
1296,0,0.11944669101092556
1297,0,0.12431930136322478
1298,0,0.08200469516405046
1299,0,0.08208616780045351
1300,0,0.18749420457138702
1301,0,0.09301033382401835
1302,0,0.12621161195602854
1303,0,0.07049930017976384
1304,0,0.08826193819424272
1305,0,0.10749734397149899
1306,0,0.10443057026484717
1307,0,0.08414501276770744
1308,0,0.11742529179495635
1309,0,0.03850604543696575
1310,0,0.04971315956841624
1311,0,0.11242775823924658
1312,0,0.12573813714897433
1313,0,0.07566496231464542
1314,0,0.10289488883368667
1315,0,0.07239777252719234
1316,0,0.07527388404692824
1317,0,0.07628759602109492
1318,0,0.08561224414720635
1319,0,0.0612312081641813
1320,0,0.11188494472641648
1321,0,0.04931438446827469
1322,0,0.08132974792366403
1323,0,0.1515200820404419
1324,0,0.056354567058184056
1325,0,0.11008363844679384
1326,0,0.057553504142934774
1327,0,0.13196343796498508
1328,0,0.06526359159298747
1329,0,0.05906844500740117
1330,0,0.11401544546326399
1331,0,0.10898422502449194
1332,0,0.06403396859763372
1333,0,0.09875901738209254
1334,0,0.06157788325621287
1335,0,0.07717882865858955
1336,0,0.07061007486795001
1337,0,0.14104308390022674
1338,0,0.0836498070752326
1339,0,0.17943658971646162
1340,0,0.07699072236883814
1341,0,0.08239003653056494
1342,0,0.08648229991352561
1343,0,0.04258211190677731
1344,0,0.10051261806581455
1345,0,0.11876632353460101
1346,0,0.05424195539869912
1347,0,0.04334803862257967
1348,0,0.06445017296504497
1349,0,0.06094839907088654
1350,0,0.05143145080662807
1351,0,0.07973222496792355
1352,0,0.11721053121008217
1353,0,0.10849244205227455
1354,0,0.02715034838475426
1355,0,0.06848072562358275
1356,0,0.09330618020188367
1357,0,0.0779781635535667
1358,0,0.06326652523634599
1359,0,0.07234093199669989
1360,0,0.12155210300437999
1361,0,0.03871911136234288
1362,0,0.10143027222132049
1363,0,0.061852826802022136
1364,0,0.09770690619134861
1365,0,0.11108889592347622
1366,0,0.08903685218545505
1367,0,0.4692955094652639
1368,0,0.34441331801397096
1369,0,0.5074465161700331
1370,0,0.17012304476673235
1371,0,0.061624626762677596
1372,0,0.08437812048658679
1373,0,0.2840497892683748
1374,0,0.48793718026247745
1375,0,0.5625720097092082
1376,0,0.7173444927162621
1377,0,0.46097179904146024
1378,0,0.061925938915963645
1379,0,0.7830081369862508
1380,0,0.4638923769710824
1381,0,0.6562859725061645
1382,0,0.5735570265029016
1383,0,0.09245585102472613
1384,0,0.11677806395959063
1385,0,0.07128842025468195
1386,0,0.09058495726981512
1387,0,0.10433204897811307
1388,0,0.08165280678404999
1389,0,0.09088417269750809
1390,0,0.09613656745386741
1391,0,0.11277845654327115
1392,0,0.12700356184284609
1393,0,0.10248730736674987
1394,0,0.08369773935329958
1395,0,0.6986806330006128
1396,0,0.41084530757092796
1397,0,0.6119196246887756
1398,0,0.561073985179168
1399,0,0.3878768158419193
1400,0,0.05078757657233949
1401,0,0.11585593015399881
1402,0,0.05952802058314505
1403,0,0.07199894647606764
1404,0,0.1219743889270875
1405,0,0.09332822068506581
1406,0,0.07413266845062152
1407,0,0.07674455692122456
1408,0,0.09232227962124094
1409,0,0.10774292364202925
1410,0,0.12285227948913181
1411,0,0.10839002267573696
1412,0,0.050884677102137024
1413,0,0.04872698782245186
1414,0,0.08303283937319424
1415,0,0.09053158415434599
1416,0,0.1431728146748346
1417,0,0.08586771951498158
1418,0,0.1059362282632153
1419,0,0.06914278039691221
1420,0,0.09831546865234295
1421,0,0.13132286530610773
1422,0,0.0948962659385075
1423,0,0.06947662265267844
1424,0,0.06205202057664764
1425,0,0.07781578175464762
1426,0,0.08151162608130959
1427,0,0.1101630150335118
1428,0,0.07434875875309989
1429,0,0.11064365549150072
1430,0,0.09887869442112757
1431,0,0.10650260417273542
1432,0,0.08178368492589456
1433,0,0.13496235944703608
1434,0,0.06811181435956189
1435,0,0.09894523459987038
1436,0,0.09599097727218468
1437,0,0.08303655484923946
1438,0,0.08059813112570723
1439,0,0.07832686659213274
1440,0,0.12481216701829592
1441,0,0.10466664298776711
1442,0,0.09567011397337408
1443,0,0.3821708728113924
1444,0,0.3223813598964009
1445,0,0.3469435181155845
1446,0,0.42187207667040805
1447,0,0.3124436796549578
1448,0,0.382594452553707
1449,0,0.48955650485311397
1450,0,0.06530612244897957
1451,0,0.21481524035015612
1452,0,0.24947474399951702
1453,0,0.18712306119133817
1454,0,0.24930939005686625
1455,0,0.437109165707683
1456,0,0.124996593451147
1457,0,0.08996182479333353
1458,0,0.03975438911711768
1459,0,0.4955644186658783
1460,0,0.3546346071930377
1461,0,0.3713175295489986
1462,0,0.7273320307183442
1463,0,0.5730136745330027
1464,-1.5306122448979589,0.0
1465,0,0.08945743483869478
1466,-2.047619047619048,0.0
1467,-3.0,0.0
1468,-3.0,0.0
1469,2.9047619047619047,0.0
1470,0,0.17608990963398793
1471,-2.428571428571428,4.440892098500626e-16
1472,6.188208616780045,0.0
1473,6.60544217687075,8.881784197001252e-16
1474,2.922902494331066,0.0
1475,-1.2993197278911564,0.0
1476,4.782312925170068,0.0
1477,0.4285714285714285,0.0
1478,8.2562358276644,0.0
1479,-2.6190476190476195,4.440892098500626e-16
1480,0,0.08361045750338486
1481,-2.7687074829931975,0.0
1482,7.73015873015873,0.0
1483,-1.4761904761904763,0.0
1484,6.523809523809523,0.0
1485,8.047619047619047,0.0
1486,-1.6848072562358276,2.220446049250313e-16
1487,2.3832199546485255,4.440892098500626e-16
1488,1.8344671201814056,0.0
1489,-2.410430839002267,0.0
1490,-2.333333333333333,4.440892098500626e-16
1491,-2.174603174603175,0.0
1492,7.2857142857142865,8.881784197001252e-16
1493,8.809523809523808,0.0
1494,9.0,0.0
1495,0,0.10509023751807885
1496,-0.8639455782312926,1.1102230246251565e-16
1497,6.306122448979592,0.0
1498,-0.1111111111111109,1.3877787807814457e-17
1499,1.7755102040816328,0.0
1500,-0.49659863945578236,5.551115123125783e-17
1501,-1.2630385487528346,0.0
1502,-2.0521541950113376,0.0
1503,7.857142857142857,0.0
1504,-2.9999999999999996,0.0
1505,-0.15192743764172323,0.0
1506,9.0,0.0
1507,8.238095238095239,0.0
1508,-2.8095238095238093,0.0
1509,5.952380952380952,8.881784197001252e-16
1510,9.0,0.0
1511,6.904761904761903,8.881784197001252e-16
1512,7.476190476190477,8.881784197001252e-16
1513,8.809523809523808,0.0
1514,9.0,0.0
1515,9.0,0.0
1516,9.0,0.0
1517,-2.8095238095238093,0.0
1518,5.761904761904761,8.881784197001252e-16
1519,5.0816326530612255,0.0
1520,-1.204081632653061,0.0
1521,-2.591836734693877,4.440892098500626e-16
1522,-0.5238095238095241,1.1102230246251565e-16
1523,9.0,0.0
1524,3.5714285714285716,0.0
1525,2.3424036281179137,0.0
1526,-1.5170068027210886,0.0
1527,-1.1541950113378687,0.0
1528,-0.6825396825396828,0.0
1529,3.8117913832199557,4.440892098500626e-16
1530,-0.12925170068027186,0.0
1531,3.0725623582766453,0.0
1532,-1.4671201814058956,0.0
1533,8.714285714285712,1.7763568394002505e-15
1534,8.714285714285712,1.7763568394002505e-15
1535,7.000000000000002,8.881784197001252e-16
1536,-2.0430839002267573,0.0
1537,6.056689342403628,0.0
1538,-2.532879818594104,0.0
1539,9.0,0.0
1540,0.06575963718820829,1.3877787807814457e-17
1541,-1.027210884353741,2.220446049250313e-16
1542,-2.950113378684807,0.0
1543,-2.8367346938775513,4.440892098500626e-16
1544,9.0,0.0
1545,8.528344671201811,1.7763568394002505e-15
1546,9.0,0.0
1547,8.238095238095239,0.0
1548,9.0,0.0
1549,0.3015873015873014,0.0
1550,8.5328798185941,1.7763568394002505e-15
1551,8.714285714285712,1.7763568394002505e-15
1552,-0.5374149659863943,0.0
1553,2.333333333333333,0.0
1554,1.489795918367347,2.220446049250313e-16
1555,1.8344671201814056,2.220446049250313e-16
1556,2.5192743764172336,4.440892098500626e-16
1557,-2.0022675736961455,0.0
1558,8.047619047619047,0.0
1559,-2.63718820861678,0.0
1560,3.2766439909297063,0.0
1561,7.113378684807256,8.881784197001252e-16
1562,1.1133786848072558,2.220446049250313e-16
1563,8.619047619047619,0.0
1564,-2.142857142857143,0.0
1565,6.210884353741497,0.0
1566,-1.113378684807256,2.220446049250313e-16
1567,-2.5283446712018143,0.0
1568,3.0907029478458043,4.440892098500626e-16
1569,-1.0589569160997727,2.220446049250313e-16
1570,6.523809523809524,0.0
1571,-2.82766439909297,0.0
1572,-2.9999999999999996,0.0
1573,-2.428571428571428,4.440892098500626e-16
1574,-0.17006802721088426,2.7755575615628914e-17
1575,-3.0,0.0
1576,8.809523809523808,0.0
1577,-2.6190476190476195,4.440892098500626e-16
1578,9.0,0.0
1579,-2.7142857142857144,4.440892098500626e-16
1580,8.238095238095239,0.0
1581,-2.238095238095238,0.0
1582,6.1428571428571415,8.881784197001252e-16
1583,8.238095238095239,0.0
1584,8.428571428571429,0.0
1585,9.0,0.0
1586,9.0,0.0
1587,7.285714285714283,1.7763568394002505e-15
1588,8.428571428571429,0.0
1589,-3.0,0.0
1590,2.201814058956916,0.0
1591,2.27891156462585,0.0
1592,8.2562358276644,0.0
1593,4.714285714285714,0.0
1594,8.5328798185941,1.7763568394002505e-15
1595,6.7142857142857135,8.881784197001252e-16
1596,2.746031746031746,4.440892098500626e-16
1597,-1.2902494331065757,0.0
1598,8.528344671201811,1.7763568394002505e-15
1599,3.6757369614512476,4.440892098500626e-16
1600,9.0,0.0
1601,8.619047619047619,0.0
1602,-2.0476190476190474,0.0
1603,-2.6281179138321997,0.0
1604,-3.0,0.0
1605,9.0,0.0
1606,9.0,0.0
1607,9.0,0.0
1608,0.1428571428571428,0.0
1609,9.0,0.0
1610,9.0,0.0
1611,9.0,0.0
1612,7.911564625850337,1.7763568394002505e-15
1613,9.0,0.0
1614,9.0,0.0
1615,0,0.07616347648156276
1616,9.0,0.0
1617,-3.0,0.0
1618,-2.6281179138321997,0.0
1619,0,0.09278339666245385
1620,-2.206349206349206,0.0
1621,7.0,0.0
1622,9.0,0.0
1623,9.0,0.0
1624,8.528344671201811,1.7763568394002505e-15
1625,8.809523809523808,0.0
1626,4.714285714285714,0.0
1627,2.446712018140589,4.440892098500626e-16
1628,0,0.06709719530412482
1629,2.4104308390022675,0.0
1630,2.2562358276643986,0.0
1631,-3.0,0.0
1632,8.428571428571429,0.0
1633,2.759637188208616,4.440892098500626e-16
1634,-1.0,0.0
1635,8.428571428571429,0.0
1636,8.619047619047619,0.0
1637,9.0,0.0
1638,9.0,0.0
1639,8.619047619047619,0.0
1640,2.1519274376417235,0.0
1641,7.049886621315193,8.881784197001252e-16
1642,8.714285714285712,1.7763568394002505e-15
1643,7.979591836734693,8.881784197001252e-16
1644,6.4195011337868495,0.0
1645,0,0.12125138720917637
1646,-1.2857142857142854,2.220446049250313e-16
1647,1.0544217687074828,0.0
1648,0.8775510204081636,0.0
1649,6.900226757369614,0.0
1650,0,0.13730715781760786
1651,6.414965986394558,8.881784197001252e-16
1652,3.2131519274376408,0.0
1653,5.979591836734693,0.0
1654,3.408163265306122,0.0
1655,-2.394104308390023,0.0668745889928953
1656,-2.3596371882086165,0.04991959330908658
1657,6.387301587301586,0.08925027191305213
1658,1.0634920634920635,0.0
1659,2.664399092970521,4.440892098500626e-16
1660,3.4761904761904754,0.0
1661,0.5555555555555554,0.0
1662,-0.16099773242630389,0.0
1663,0.3424036281179138,0.0
1664,1.5215419501133787,0.0
1665,0,0.05601595521685082
1666,0,0.10201158563439013
1667,0,0.12318665846249324
1668,0,0.06575963718820861
1669,0,0.09561420174590224
1670,0,0.0965208932021625
1671,0,0.07808359648916428
1672,0,0.07842134068407666
1673,0,0.045133261876189476
1674,0,0.05636916385103605
1675,0,0.0956486131384268
1676,0,0.10806219934461808
1677,0,0.08711733656371225
1678,0,0.10794127164167254
1679,0,0.05002865782664573
1680,0,0.08834113241223365
1681,0,0.08861659436870283
1682,0,0.0957936501226916
1683,0,0.12886842963328496
1684,0,0.032007346918084115
1685,0,0.11396221717167213
1686,0,0.07442203125363918
1687,0,0.068383045169962
1688,0,0.11438645094192801
1689,0,0.09528559446108949
1690,0,0.14343474635784484
1691,0,0.10135217363358044
1692,0,0.06134363145183095
1693,0,0.11138011769336027
1694,0,0.07920294420214505
1695,0,0.08246489347976933
1696,0,0.11372735502869076
1697,0,0.12875346545649333
1698,0,0.07452559565223213
1699,0,0.08308236539195661
1700,0,0.08642520331845045
1701,0,0.09183085561093009
1702,0,0.08374196018201395
1703,0,0.12163667747294485
1704,0,0.07588211001987477
1705,0,0.06860525386793896
1706,0,0.08382542476598293
1707,0,0.09389398127606371
1708,0,0.12209657865332513
1709,0,0.04217687074829927
1710,0,0.10994903439590503
1711,0,0.11921573271866621
1712,0,0.12897691281889115
1713,0,0.08970425244066972
1714,0,0.06601560940104469
1715,0,0.10816207684377761
1716,0,0.0707308542943561
1717,0,0.08712205824261675
1718,0,0.07765041170367161
1719,0,0.07435429127226911
1720,0,0.07122491934137544
1721,0,0.07231960528010849
1722,0,0.17408350973436212
1723,0,0.07770336841152785
1724,0,0.10320325534727287
1725,0,0.08636449682642688
1726,0,0.08933664817954634
1727,0,0.10203980851102208
1728,0,0.08422319403391389
1729,0,0.07680349434926634
1730,0,0.12159355184426354
1731,0,0.2547126279510038
1732,5.1945578231292515,0.09634279939995845
1733,-1.8843537414965987,2.220446049250313e-16
1734,0,0.2354178368135555
1735,0,0.2061951531796265
1736,0,0.04481542610068193
1737,0,0.08552571369696144
1738,0,0.057286649159684844
1739,0,0.14605427918715252
1740,0,0.07139797062542604
1741,0,0.09482796910771613
1742,0,0.13186988998742172
1743,0,0.06518791266729414
1744,0,0.09877984119571366
1745,0,0.08656787419637403
1746,0,0.12555479996840405
1747,0,0.10197629605446594
1748,0,0.05920929758667047
1749,0,0.09960922407894163
1750,0,0.09400016093009365
1751,0,0.10382318382876693
1752,0,0.10185823928185889
1753,0,0.033697701566004316
1754,0,0.06504261526874944
1755,0,0.13953226890561868
1756,0,0.0967422521612581
1757,0,0.07825725028616055
1758,0,0.06811181435956185
1759,0,0.0798031318769129
1760,0,0.19864980973025725
1761,0,0.07596338037627243
1762,0,0.09629048182922607
1763,0,0.11688369131916562
1764,0,0.11800885757611962
1765,0,0.09247809416872906
1766,0,0.06174466185983682
1767,0,0.04495060931832694
1768,0,0.08176356346294379
1769,0,0.09734099895623022
1770,0,0.07669630170198535
1771,0,0.0753558103707489
1772,0,0.10327895846345199
1773,0,0.08193569350362791
1774,0,0.04848367401609642
1775,0,0.055551390468145334
1776,0,0.12783083442556048
1777,0,0.10241905208121772
1778,0,0.13229033494322862
1779,0,0.06245344212281913
1780,0,0.07251131991899548
1781,0,0.05647851954846927
1782,0,0.06741981291300908
1783,0,0.09395967356792848
1784,0,0.10683040019550466
1785,0,0.08183899344005098
1786,0,0.05247657438083324
1787,0,0.10257456775494292
1788,0,0.08902761168393206
1789,0,0.18579995753595002
1790,0,0.0794220721830402
1791,0,0.05249029041716203
1792,0,0.06535019928542425
1793,0,0.06411902948543224
1794,0,0.09911242719575465
1795,0,0.1215258729678902
1796,0,0.06225057696028575
1797,2.209070294784581,0.1320686002351151
1798,1.0993197278911568,0.08517026121750913
1799,0.9183673469387756,0.12620427850105093
1800,-1.963718820861678,0.14203412639218224
1801,0,0.11523558758307165
1802,0,0.22807823911261102
1803,0,0.07948937464856767
1804,0,0.10287989606242934
1805,0,0.23998129992980707
1806,0,0.3894009705064518
1807,-0.9002267573696147,1.1102230246251565e-16
1808,5.426303854875284,8.881784197001252e-16
1809,0,0.11057206463606509
1810,1.5351473922902492,2.220446049250313e-16
1811,-0.03401360544217691,0.0
1812,0.1337868480725624,0.0
1813,0.23356009070294786,5.551115123125783e-17
1814,0.28798185941043075,0.0
1815,2.256235827664399,4.440892098500626e-16
1816,0,0.0813411272229185
1817,0,0.10689968685865245
1818,0,0.0681917888249195
1819,0,0.0815935910573533
1820,0,0.036645001220890296
1821,0,0.09193718086830699
1822,1.5986394557823125,2.220446049250313e-16
1823,8.428571428571429,0.0
1824,-1.5668934240362808,2.220446049250313e-16
1825,-2.4285714285714293,4.440892098500626e-16
1826,0,0.1393227985300312
1827,3.6621315192743764,4.440892098500626e-16
1828,6.224489795918367,0.0
1829,-1.6258503401360547,2.220446049250313e-16
1830,1.8526077097505662,4.440892098500626e-16
1831,3.0000000000000004,0.0
1832,0,0.3994661726494519
1833,7.9659863945578255,1.7763568394002505e-15
1834,0.832199546485261,0.0
1835,8.5328798185941,1.7763568394002505e-15
1836,9.0,0.0
1837,8.714285714285712,1.7763568394002505e-15
1838,0.7188208616780045,0.0
1839,1.0226757369614512,0.0
1840,6.015873015873015,8.881784197001252e-16
1841,-2.310657596371882,0.0
1842,0,0.49290710049791137
1843,0,0.5271747482312581
1844,7.285714285714283,1.7763568394002505e-15
1845,8.714285714285712,1.7763568394002505e-15
1846,7.081632653061223,8.881784197001252e-16
1847,1.073015873015873,0.072091727742363
1848,1.0843537414965987,0.051994233643415814
1849,0,0.13235250949221722
1850,0,0.6377294527470037
1851,0,0.6528445092675461
1852,0,0.8659048970100158
1853,0,0.5261834281470301
1854,0,0.11584527804111774
1855,0,0.07017618551976305
1856,0,0.1388592221543677
1857,0,0.12626049077071178
1858,0,0.12843678336851955
1859,0,0.07241481598625699
1860,0,0.11557509704231139
1861,0,0.0678773860313819
1862,-1.1904761904761902,2.220446049250313e-16
1863,6.4648526077097515,0.0
1864,-2.2607709750566896,0.0
1865,-2.9999999999999996,0.0
1866,-3.0,0.0
1867,5.8571428571428585,8.881784197001252e-16
1868,-2.746031746031746,4.440892098500626e-16
1869,-3.0,0.0
1870,9.0,0.0
1871,8.809523809523808,0.0
1872,8.714285714285712,1.7763568394002505e-15
1873,2.510204081632652,4.440892098500626e-16
1874,8.714285714285712,1.7763568394002505e-15
1875,9.0,0.0
1876,8.714285714285712,1.7763568394002505e-15
1877,8.714285714285712,1.7763568394002505e-15
1878,-2.1700680272108843,0.0
1879,0,0.054451994629673026
1880,8.06575963718821,0.0
1881,5.947845804988662,8.881784197001252e-16
1882,0,0.06739692900232674
1883,1.7346938775510208,0.0
1884,4.428571428571429,8.881784197001252e-16
1885,9.0,0.0
1886,9.0,0.0
1887,9.0,0.0
1888,9.0,0.0
1889,4.537414965986395,0.0
1890,5.0272108843537415,0.0
1891,5.476190476190476,0.0
1892,8.342403628117916,1.7763568394002505e-15
1893,7.666666666666667,0.0
1894,9.0,0.0
1895,0,0.10502465308275705
1896,0,0.1344493378628022
1897,0,0.12393820196710631
1898,0,0.06741981291300905
1899,0,0.17685970080039734
1900,0,0.1083330811826419
1901,0,0.09646120976794864
1902,0,0.04021732295219113
1903,0,0.0439254252000554
1904,0,0.11000513943318185
1905,0,0.05988455633648638
1906,0,0.10006553762755684
1907,0,0.07231249497685173
1908,0,0.09819824696518592
1909,0,0.05485279050269557
1910,0,0.0634920634920635
1911,0,0.05864385748097374
1912,0,0.05817729781705061
1913,0,0.08210996761002569
1914,0,0.07833605657341106
1915,0,0.0669237795762239
1916,0,0.10244716270614199
1917,0,0.11553860980630277
1918,0,0.06577683722200776
1919,0,0.08893515386307682
1920,0,0.054940835268599796
1921,0,0.08844002546056351
1922,0,0.06865919589215623
1923,0,0.09753835870309348
1924,0,0.11411011236586271
1925,8.809523809523808,0.0
1926,9.0,0.0
1927,8.714285714285712,1.7763568394002505e-15
1928,9.0,0.0
1929,8.714285714285712,1.7763568394002505e-15
1930,9.0,0.0
1931,9.0,0.0
1932,8.714285714285712,1.7763568394002505e-15
1933,8.428571428571429,0.0
1934,7.2857142857142865,8.881784197001252e-16
1935,9.0,0.0
1936,9.0,0.0
1937,9.0,0.0
1938,8.619047619047619,0.0
1939,9.0,0.0
1940,-1.988662131519274,2.220446049250313e-16
1941,8.714285714285712,1.7763568394002505e-15
1942,9.0,0.0
1943,9.0,0.0
1944,-3.0,0.0
1945,-2.8095238095238093,0.0
1946,7.512471655328798,0.0
1947,-1.766439909297052,0.0
1948,8.24716553287982,0.0
1949,8.809523809523808,0.0
1950,8.809523809523808,0.0
1951,8.714285714285712,1.7763568394002505e-15
1952,5.225396825396826,0.18937213773888897
1953,8.428571428571429,0.0
1954,8.809523809523808,0.0
1955,-0.746031746031746,0.0
1956,9.0,0.0
1957,0,0.04428682309563253
1958,4.047619047619048,8.881784197001252e-16
1959,5.299319727891157,8.881784197001252e-16
1960,-2.904761904761904,0.0
1961,9.0,0.0
1962,7.285714285714283,1.7763568394002505e-15
1963,9.0,0.0
1964,4.428571428571429,0.0
1965,8.186394557823126,0.08090377549561106
1966,0,0.08584376356107407
1967,7.16326530612245,8.881784197001252e-16
1968,7.784580498866211,8.881784197001252e-16
1969,4.891156462585033,8.881784197001252e-16
1970,8.809523809523808,0.0
1971,9.0,0.0
1972,8.714285714285712,1.7763568394002505e-15
1973,9.0,0.0
1974,9.0,0.0
1975,-0.7052154195011336,1.1102230246251565e-16
1976,8.714285714285712,1.7763568394002505e-15
1977,6.1428571428571415,8.881784197001252e-16
1978,0,0.05722917570738269
1979,0,0.09086719822152556
1980,9.0,0.0
1981,9.0,0.0
1982,9.0,0.0
1983,8.428571428571429,0.0
1984,-3.0,0.0
1985,8.809523809523808,0.0
1986,9.0,0.0
1987,3.095238095238095,0.0
1988,8.2562358276644,0.0
1989,8.809523809523808,0.0
1990,8.809523809523808,0.0
1991,9.0,0.0
1992,9.0,0.0
1993,-2.623582766439909,0.0
1994,8.714285714285712,1.7763568394002505e-15
1995,-3.0,0.0
1996,7.666666666666667,0.0
1997,9.0,0.0
1998,3.0272108843537415,0.0
1999,6.333333333333334,8.881784197001252e-16
2000,9.0,0.0
2001,0,0.07513714166536146
2002,0.8367346938775514,0.0
2003,0,0.07964317974971499
2004,0,0.10198032976737662
2005,0,0.11822390766777797
2006,0,0.06199067074772529
2007,0,0.09051681582143925
2008,0,0.07917177625542672
2009,0,0.06005603757731289
2010,0,0.06350663907851288
2011,0,0.12331014887154362
2012,0,0.051954661194085046
2013,0,0.07672847522015998
2014,0,0.13833017335774717
2015,0,0.08535841371754518
2016,0,0.09147067381753259
2017,0,0.06340940521662872
2018,0,0.15430434965661805
2019,0,0.08067465077754335
2020,0,0.0532392308479069
2021,0,0.08105109043815005
2022,0,0.0566512343569241
2023,0,0.11933988527202868
2024,0,0.16428004134121976
2025,0,0.07892198956342479
2026,0,0.12700113264815213
2027,0,0.09642388886184666
2028,0,0.03219635256108638
2029,0,0.14236607098944884
2030,0,0.07307218853310754
2031,0,0.08208616780045348
2032,0,0.09366589129016302
2033,8.142857142857142,1.7763568394002505e-15
2034,9.0,0.0
2035,0,0.07343718675085177
2036,3.0,0.0
2037,8.714285714285712,1.7763568394002505e-15
2038,9.0,0.0
2039,7.857142857142857,0.0
2040,-0.015873015873015883,3.469446951953614e-18
2041,8.714285714285712,1.7763568394002505e-15
2042,0,0.11305986921299781
2043,4.546485260770976,8.881784197001252e-16
2044,-1.4852607709750567,0.0
2045,-0.986394557823129,0.0
2046,3.805895691609977,0.07069740596358091
2047,0,0.3527309829648433
2048,8.06575963718821,0.0
2049,8.428571428571429,0.0
2050,8.5328798185941,1.7763568394002505e-15
2051,5.571428571428571,0.0
2052,-1.4399092970521539,0.0
2053,-2.2789115646258504,0.0
2054,-0.8684807256235827,0.0
2055,0,0.08033741914414676
2056,-0.6281179138321995,0.0
2057,0.5691609977324263,0.0
2058,7.698412698412698,0.0
2059,-2.428571428571428,4.440892098500626e-16
2060,9.0,0.0
2061,7.5578231292517,8.881784197001252e-16
2062,-0.3696145124716556,0.0
2063,-2.537414965986394,0.0
2064,7.476190476190477,0.0
2065,-3.0,0.0
2066,9.0,0.0
2067,8.047619047619047,0.0
2068,6.7142857142857135,8.881784197001252e-16
2069,-2.047619047619048,0.0
2070,1.4353741496598647,0.0
2071,0,0.7488517166756108
2072,-3.0,0.0
2073,-1.4761904761904763,0.0
2074,0,0.7455993343257078
2075,-1.5768707482993194,0.06916062599803455
2076,-2.9999999999999996,0.0
2077,0,0.6431216387098717
2078,-2.10204081632653,4.440892098500626e-16
2079,0,0.11417768352682652
2080,-1.4761904761904765,0.0
2081,5.925170068027211,8.881784197001252e-16
2082,8.047619047619047,0.0
2083,8.809523809523808,0.0
2084,-3.0,0.0
2085,7.476190476190477,8.881784197001252e-16
2086,-0.759637188208617,0.0
2087,0,0.07470752029741133
2088,0.945578231292517,0.0
2089,7.190476190476192,8.881784197001252e-16
2090,0,0.8584299686016104
2091,-2.4739229024943303,0.0
2092,-1.8616780045351473,2.220446049250313e-16
2093,0,0.1803512426322329
2094,0.7142857142857142,0.0
2095,-1.4172335600907024,0.0
2096,-2.09297052154195,0.0
2097,5.566893424036281,0.0
2098,8.165532879818596,1.7763568394002505e-15
2099,-1.9795918367346943,2.220446049250313e-16
2100,7.108843537414965,0.0
2101,-3.0,0.0
2102,8.714285714285712,1.7763568394002505e-15
2103,8.428571428571429,0.0
2104,1.1904761904761902,0.0
2105,8.238095238095239,0.0
2106,8.528344671201811,1.7763568394002505e-15
2107,8.809523809523808,0.0
2108,9.0,0.0
2109,9.0,0.0
2110,9.0,0.0
2111,9.0,0.0
2112,9.0,0.0
2113,9.0,0.0
2114,8.428571428571429,0.0
2115,8.586394557823128,0.11158305988590018
2116,7.653061224489797,0.10235778434723275
2117,5.508390022675738,0.06415109862292057
2118,-2.942857142857142,0.11203191043370168
2119,-2.9863945578231292,0.0
2120,2.950113378684807,4.440892098500626e-16
2121,-3.0,0.0
2122,8.2562358276644,0.0
2123,8.238095238095239,0.0
2124,2.7142857142857144,4.440892098500626e-16
2125,8.2562358276644,0.0
2126,-1.7392290249433107,0.0
2127,9.0,0.0
2128,9.0,0.0
2129,3.8571428571428563,4.440892098500626e-16
2130,-3.0,0.0
2131,-2.9999999999999996,0.0
2132,0,0.12574795124024354
2133,7.6938775510204085,8.881784197001252e-16
2134,5.213151927437641,0.0
2135,8.428571428571429,0.0
2136,8.156462585034012,1.7763568394002505e-15
2137,-3.0,0.0
2138,-3.0,0.0
2139,3.8571428571428563,4.440892098500626e-16
2140,4.619047619047619,0.0
2141,8.619047619047619,0.0
2142,7.739229024943311,0.0
2143,-2.986394557823129,0.0
2144,-1.1496598639455777,0.0
2145,6.020408163265307,8.881784197001252e-16
2146,9.0,0.0
2147,8.714285714285712,1.7763568394002505e-15
2148,6.850340136054422,8.881784197001252e-16
2149,9.0,0.0
2150,-3.0,0.0
2151,9.0,0.0
2152,6.020408163265307,8.881784197001252e-16
2153,-1.1179138321995463,0.0
2154,8.428571428571429,0.0
2155,-2.3151927437641726,0.0
2156,-0.21541950113378672,0.0
2157,9.0,0.0
2158,9.0,0.0
2159,8.714285714285712,1.7763568394002505e-15
2160,8.160997732426301,1.7763568394002505e-15
2161,7.979591836734694,0.0
2162,0.8367346938775511,0.0
2163,8.238095238095239,0.0
2164,8.619047619047619,0.0
2165,8.156462585034012,1.7763568394002505e-15
2166,8.809523809523808,0.0
2167,9.0,0.0
2168,5.693877551020407,0.0
2169,4.714285714285714,0.0
2170,2.160997732426303,0.0
2171,-1.2086167800453516,2.220446049250313e-16
2172,0,0.08632995841038996
2173,-2.324263038548753,0.0
2174,2.6009070294784573,4.440892098500626e-16
2175,7.263038548752834,0.0
2176,3.8027210884353755,0.0
2177,0,0.08338877018255933
2178,0.5646258503401365,0.0
2179,0,0.4407323343177944
2180,2.0340136054421762,0.0
2181,4.274376417233561,0.0
2182,7.15873015873016,8.881784197001252e-16
2183,-1.0952380952380953,2.220446049250313e-16
2184,0,0.32964501161159854
2185,9.0,0.0
2186,-3.0,0.0
2187,7.476190476190477,8.881784197001252e-16
2188,-0.7687074829931974,0.0
2189,-0.23356009070294786,5.551115123125783e-17
2190,0,0.7396280380493172
2191,0,0.40168735173537207
2192,0,0.12950287882611428
2193,-1.218140589569161,0.024544324948271745
2194,0,0.10303471616263346
2195,0,0.13833314701711658
2196,0,0.09831546865234292
2197,0,0.10206500091330777
2198,0,0.07214163746085506
2199,0,0.06779248999561936
2200,-0.5111111111111113,0.034941243146046595
2201,0,0.08491268744466907
2202,0,0.09524781291530414
2203,0,0.0996092240789416
2204,0,0.14962481552087337
2205,0,0.10817633753016284
2206,0,0.17484096067987231
2207,0.29387755102040813,0.04126984126984134
2208,0,0.03271913194635422
2209,-0.4204081632653061,0.058949938537040954
2210,-0.37551020408163266,0.039539099353972026
2211,0,0.09818986863259398
2212,0,0.0866723502469194
2213,0,0.03203304015675339
2214,0,0.10215765545642541
2215,0,0.08167799194450955
2216,0,0.08603522442186838
2217,0,0.07111510239157642
2218,0,0.08318009264841995
2219,0,0.08092538152497078
2220,0,0.07094136109436185
2221,0,0.08711733656371216
2222,0,0.08267910777848145
2223,0,0.08905648506769416
2224,0,0.09816158648056389
2225,0,0.10847348279691302
2226,0,0.07463039430648241
2227,0,0.09818253700508651
2228,0,0.040319475321347574
2229,0,0.07307218853310758
2230,0,0.10258760028949138
2231,0,0.09493527063923646
2232,0,0.08633472315131635
2233,0,0.0679803315417386
2234,0,0.2968370895839759
2235,0,0.2373923324862113
2236,0,0.16250832322203712
2237,0,0.061276537883191054
2238,0,0.12111136372390685
2239,0,0.11207963279560323
2240,0,0.08796783206316068
2241,0,0.06105460599563325
2242,0,0.09525968873009434
2243,0,0.05309222498874654
2244,0,0.1404314815959591
2245,0,0.13739999768802041
2246,0,0.18313742781162823
2247,0,0.10520075744270617
2248,0,0.03372210692974387
2249,0,0.06455380477121063
2250,0,0.08215504307827125
2251,0,0.09854531958669258
2252,0.6693877551020407,0.17675966044544775
2253,-0.7578231292517006,0.14909810049545044
2254,0,0.5153550014361533
2255,0,0.061659661137829676
2256,0,0.08419388456666885
2257,0,0.11767025251254483
2258,0,0.09758895351519466
2259,0,0.0731678254363862
2260,0,0.08711261462888321
2261,0,0.07980957483571403
2262,0,0.07449385120994848
2263,0,0.07159215332669794
2264,0,0.11763091822953976
2265,0,0.09062241322648198
2266,0,0.09550658623171644
2267,0,0.10218080596464178
2268,0,0.03959108346707919
2269,0,0.05182981049371293
2270,0,0.07348618267765655
2271,0,0.08342206083683451
2272,0,0.10603034939888563
2273,0,0.06194420346109339
2274,0,0.06724417058061528
2275,0,0.1370335141019331
2276,0,0.09965051202255167
2277,0,0.10627738365436806
2278,0,0.1441748963172566
2279,0,0.07618642684412638
2280,0,0.08384995736177457
2281,0,0.05846823460973458
2282,0,0.056825233950755866
2283,0,0.06013133439988108
2284,0,0.10659140140036898
2285,0,0.10108496630327315
2286,0,0.06464136345613361
2287,0,0.12496285717774185
2288,0,0.05729382928745124
2289,0,0.11424971538278778
2290,0,0.08061981906748843
2291,0,0.10713319852324743
2292,0,0.09609912047026013
2293,0,0.10948788864615351
2294,0,0.08862123616821196
2295,0,0.08183899344005101
2296,0,0.06748232267484405
2297,0,0.08951604383836972
2298,0,0.09956791901441389
2299,0,0.08428666291559181
2300,0,0.05306122448979594
2301,0,0.0543555909046746
2302,0,0.10879155977360884
2303,0,0.07005885357760548
2304,0,0.05175038387361274
2305,0,0.05457273090790504
2306,0,0.10921704620620126
2307,0,0.06490333078165658
2308,0,0.10497274383077952
2309,0,0.05892376531791259
2310,0,0.07266998820482286
2311,0,0.0837579230769787
2312,0,0.10619316596462798
2313,0,0.07207318104424097
2314,0,0.16508746335821314
2315,0,0.11133671390564742
2316,0,0.0775085746646719
2317,0,0.05168675469854868
2318,0,0.09169076611032455
2319,0,0.06686843762563831
2320,0,0.06041115938447788
2321,0,0.08765396974513699
2322,0,0.11296887387502084
2323,0,0.09877984119571373
2324,0,0.1061108197593521
2325,0,0.10335858605259299
2326,0,0.09687079076323725
2327,0,0.08111323792408598
2328,0,0.1243664432301016
2329,0,0.09650810700204873
2330,0,0.0954710464916943
2331,0,0.08940223832892459
2332,0,0.10240198115123228
2333,0,0.0417849294258956
2334,0,0.029603780354408322
2335,0,0.020503681733255823
2336,0,0.07553981973208897
2337,0,0.06382323736941985
2338,0,0.048948087625694414
2339,0,0.062473198576771215
2340,0,0.1463813226869236
2341,0,0.0625718872780306
2342,0,0.09378439186773038
2343,0,0.12875666029192906
2344,0,0.07664399092970518
2345,0,0.08148260334076952
2346,0,0.1391521869117421
2347,0,0.0860543470791594
2348,0,0.1328643393737692
2349,0,0.09907402902245349
2350,0,0.07551939638845125
2351,0,0.08418289088560262
2352,0,0.10618057597577793
2353,0,0.06656632428810441
2354,0,0.12104341524250142
2355,0,0.060919708336351845
2356,0,0.07784617157777896
2357,0,0.07518502978848264
2358,0,0.09349005878802813
2359,0,0.09088983015169509
2360,0,0.1112027018493561
2361,0,0.09079473813516595
2362,0,0.0904531708222838
2363,0,0.10229849048236944
2364,0,0.1446882609238667
2365,0,0.14377275595454347
2366,0,0.08850976579218249
2367,0,0.06956537667794624
2368,0,0.13086081160069665
2369,0,0.06923196240276237
2370,0,0.05237260783039295
2371,0,0.09441497227658721
2372,0,0.14273039044441546
2373,0,0.14403002665241715
2374,0,0.12368237471960282
2375,0,0.09676350999011149
2376,0,0.04946430187550464
2377,0,0.05130131788618333
2378,0,0.06999570638978046
2379,0,0.16388707505520161
2380,0,0.07595390331549372
2381,0,0.07214306294545679
2382,0,0.1119878409727031
2383,0,0.07507004697164102
2384,0,0.046473644917817594
2385,0,0.11752946248390528
2386,0,0.12055305561120626
2387,0,0.10308361091866466
2388,0,0.03938273531131879
2389,0,0.08384995736177465
2390,0,0.06198403469667078
2391,0,0.049182831877666734
2392,0,0.0969599239637982
2393,0,0.15296562060004174
2394,0,0.15523260341266235
2395,0,0.13608162993251685
2396,0,0.10759009943271024
2397,0.6258503401360545,0.08634067870770963
2398,0.36009070294784573,0.07900664118835007
2399,0.6453514739229025,0.04685928835588021
2400,0.19002267573696155,0.05336078396401894
2401,1.1700680272108843,0.01937415815264753
2402,0.14013605442176852,0.01586653576828652
2403,0,0.07057365501651482
2404,0,0.1204882063530599
2405,0,0.12669224634202997
2406,0,0.08273878952911534
2407,0,0.08829572088581968
2408,0,0.06020653705315587
2409,0,0.06763302270224851
2410,0,0.11854358258429738
2411,-0.2603174603174601,0.026479202860761882
2412,-0.6780045351473925,0.0
2413,0,0.06893424036281179
2414,0,0.07955144946333695
2415,0,0.07987526332983849
2416,0,0.09443675398044289
2417,0,0.089488467914163
2418,0,0.13303064660163155
2419,0,0.07256235827664392
2420,0,0.11796702097079241
2421,0,0.055619843408950514
2422,0,0.0794893746485677
2423,0,0.0883131896209566
2424,0,0.0892272241201067
2425,0,0.07411046971724443
2426,0,0.1268098901817237
2427,0,0.05151735808131674
2428,0,0.11044178055095108
2429,0,0.11714822088970056
2430,0,0.047010472481242856
2431,0,0.09824536177284432
2432,0,0.16262155777197884
2433,0,0.09288088151319236
2434,-0.1564625850340136,0.0
2435,-0.0022675736961450532,0.0
2436,3.095238095238095,0.0
2437,-2.9999999999999996,0.0
2438,-3.0,0.0
2439,0,0.10005731565329146
2440,0,0.11351375174757088
2441,0,0.06819178882491943
2442,-2.6190476190476195,4.440892098500626e-16
2443,-0.7142857142857144,0.0
2444,7.884353741496598,8.881784197001252e-16
2445,4.27437641723356,0.0
2446,2.7596371882086173,0.0
2447,-0.342403628117914,0.0
2448,6.600907029478459,0.0
2449,7.666666666666667,0.0
2450,8.165532879818596,1.7763568394002505e-15
2451,9.0,0.0
2452,7.426303854875283,0.0
2453,0.038548752834467015,0.0
2454,-2.9999999999999996,0.0
2455,0,0.0822913710277735
2456,-1.5714285714285716,0.0
2457,0.6054421768707483,0.0
2458,2.469387755102041,0.0
2459,0,0.08526077097505666
2460,1.53968253968254,0.0
2461,2.424036281179138,0.0
2462,0,0.06855276954018656
2463,4.514739229024943,8.881784197001252e-16
2464,0.30068027210884357,0.09677626244607088
2465,0,0.06925572487554132
2466,0,0.11565603978020873
2467,0,0.1632552277060609
2468,0,0.0878005003654229
2469,3.4970521541950106,0.04674502939401401
2470,0.4149659863945576,0.0
2471,8.142857142857142,1.7763568394002505e-15
2472,0,0.12196174162357606
2473,3.0000000000000004,0.0
2474,1.2630385487528346,0.0
2475,2.038548752834467,4.440892098500626e-16
2476,0.5918367346938777,1.1102230246251565e-16
2477,-1.0000000000000002,0.0
2478,0.1428571428571428,0.0
2479,4.115646258503402,0.0
2480,8.171428571428573,0.08571428571428542
2481,5.628571428571428,0.419912527334259
2482,8.714285714285712,1.7763568394002505e-15
2483,7.702947845804988,8.881784197001252e-16
2484,-2.9274376417233556,0.0
2485,-0.1927437641723359,2.7755575615628914e-17
2486,-1.947845804988662,2.220446049250313e-16
2487,0.1700680272108841,0.0
2488,-1.988662131519274,0.0
2489,8.809523809523808,0.0
2490,5.330158730158731,0.23709584011545684
2491,9.0,0.0
2492,1.467120181405896,0.0
2493,9.0,0.0
2494,-2.08843537414966,4.440892098500626e-16
2495,-2.9999999999999996,0.0
2496,-2.083900226757369,4.440892098500626e-16
2497,4.047619047619048,8.881784197001252e-16
2498,9.0,0.0
2499,8.809523809523808,0.0
2500,8.714285714285712,1.7763568394002505e-15
2501,9.0,0.0
2502,8.809523809523808,0.0
2503,-2.596371882086167,0.0
2504,9.0,0.0
2505,6.1428571428571415,8.881784197001252e-16
2506,0,0.5185012414787122
2507,9.0,0.0
2508,8.238095238095239,0.0
2509,9.0,0.0
2510,8.528344671201811,1.7763568394002505e-15
2511,7.911564625850337,1.7763568394002505e-15
2512,8.428571428571429,0.0
2513,-1.7029478458049883,2.220446049250313e-16
2514,-1.8571428571428572,0.0
2515,8.428571428571429,0.0
2516,0,0.5090407498155969
2517,8.619047619047619,0.0
2518,3.5668934240362824,0.0
2519,-0.7687074829931972,0.0
2520,0.4331065759637191,5.551115123125783e-17
2521,1.9342403628117915,2.220446049250313e-16
2522,8.170068027210885,1.7763568394002505e-15
2523,-0.029478458049886802,0.0
2524,7.857142857142857,0.0
2525,9.0,0.0
2526,8.714285714285712,1.7763568394002505e-15
2527,9.0,0.0
2528,2.0612244897959178,0.0
2529,-0.8775510204081629,0.0
2530,9.0,0.0
2531,8.714285714285712,1.7763568394002505e-15
2532,9.0,0.0
2533,9.0,0.0
2534,8.809523809523808,0.0
2535,9.0,0.0
2536,-1.5668934240362808,2.220446049250313e-16
2537,7.911564625850337,1.7763568394002505e-15
2538,7.16326530612245,8.881784197001252e-16
2539,8.156462585034012,1.7763568394002505e-15
2540,4.238095238095238,8.881784197001252e-16
2541,9.0,0.0
2542,9.0,0.0
2543,-0.7142857142857146,0.0
2544,8.428571428571429,0.0
2545,9.0,0.0
2546,-1.0512471655328794,0.07938580876028477
2547,0,0.06865919589215616
2548,1.047619047619048,0.03680181991595151
2549,-0.6734693877551019,1.1102230246251565e-16
2550,1.5668934240362815,0.0
2551,1.3990929705215418,0.0
2552,0.0022675736961452614,0.0
2553,-1.8390022675736961,0.0
2554,8.142857142857142,1.7763568394002505e-15
2555,9.0,0.0
2556,3.1269841269841274,0.0
2557,-1.0861678004535147,0.0
2558,5.571428571428571,0.0
2559,-2.0430839002267573,0.0
2560,9.0,0.0
2561,2.2471655328798184,0.0
2562,0,0.09868401526959776
2563,0,0.06078451130255424
2564,0,0.07049346511104183
2565,0,0.08439396305359777
2566,0,0.07028893253382032
2567,0,0.13096764446586012
2568,0,0.08519440655484771
2569,0,0.07804671116298943
2570,0,0.1053336188054983
2571,0,0.05055011262800099
2572,0,0.1546850955226363
2573,0,0.09600061873882562
2574,0,0.06185282680202213
2575,0,0.04396052903783269
2576,0,0.10393702995800966
2577,0,0.10241905208121771
2578,0,0.08392351212081928
2579,0,0.11182242581147053
2580,0,0.08002447165573795
2581,0,0.08998011296973134
2582,0,0.07968965053831358
2583,0,0.06920224783750557
2584,0,0.1333371896954157
2585,0,0.08581500758888756
2586,0,0.06717531595931253
2587,0,0.08370388253209267
2588,0,0.08408510610305157
2589,0,0.10505108755676111
2590,0,0.08569388712149972
2591,0,0.06678225899029464
2592,0,0.062461674738048846
2593,0,0.05204365689143657
2594,0,0.14657719853097878
2595,0,0.13776401341051994
2596,0,0.16359503112091975
2597,0,0.04864249497611581
2598,0,0.08131077888598938
2599,0,0.09194612896126396
2600,0,0.11491118481692027
2601,0,0.10484825293626893
2602,0,0.07351416568871524
2603,0,0.10111344781905822
2604,0,0.06665432498716697
2605,0,0.11777420653517952
2606,0,0.134247257284496
2607,0,0.07198751897873738
2608,0,0.10182996608207665
2609,0,0.12723978152067636
2610,0,0.08161879449004728
2611,0,0.10325406224855269
2612,0,0.07061007486794998
2613,0,0.08669607724515929
2614,0,0.1556586530222924
2615,0,0.05329328868253744
2616,0,0.08304274693989991
2617,0,0.08761641850865085
2618,0,0.1218225346262782
2619,0,0.0993145506473239
2620,0,0.2229526613488706
2621,0,0.17969487870584006
2622,0,0.4496902230224023
2623,0,0.2166685355380266
2624,0,0.07933397511644426
2625,0.4829931972789117,5.551115123125783e-17
2626,0.981859410430839,1.1102230246251565e-16
2627,6.124716553287981,0.0
2628,-0.9138321995464851,0.0
2629,0.6145124716553287,0.10211637414238287
2630,0.7006802721088438,1.1102230246251565e-16
2631,-1.0136054421768712,0.0
2632,5.349206349206349,0.0
2633,6.64625850340136,0.0
2634,8.428571428571429,0.0
2635,5.9977324263038545,0.0
2636,1.589569160997732,2.220446049250313e-16
2637,8.714285714285712,1.7763568394002505e-15
2638,7.394557823129252,8.881784197001252e-16
2639,7.653061224489794,8.881784197001252e-16
2640,-0.9410430839002265,1.1102230246251565e-16
2641,1.1315192743764175,0.0
2642,-2.2380952380952377,0.0
2643,-2.0430839002267573,0.0
2644,7.666666666666667,0.0
2645,1.9705215419501125,2.220446049250313e-16
2646,1.675736961451247,2.220446049250313e-16
2647,9.0,0.0
2648,0,0.7156738482218749
2649,-1.0,0.0
2650,-2.8095238095238093,0.0
2651,1.5714285714285714,0.0
2652,-0.17006802721088476,0.0
2653,-1.0285714285714282,0.12361999896811954
2654,0,0.11810641868973529
2655,-0.8761904761904763,0.04056612657381111
2656,0,0.25691079603774336
2657,0,0.0553232219040477
2658,9.0,0.0
2659,9.0,0.0
2660,1.54421768707483,0.0
2661,2.696145124716554,4.440892098500626e-16
2662,1.3628117913832196,2.220446049250313e-16
2663,1.8027210884353735,2.220446049250313e-16
2664,0,0.06446453192099119
2665,0,0.08194573371976134
2666,-0.6598639455782314,0.0
2667,0.4557823129251701,5.551115123125783e-17
2668,2.814058956916099,0.0
2669,8.714285714285712,1.7763568394002505e-15
2670,1.7800453514739227,2.220446049250313e-16
2671,2.541950113378685,0.0
2672,-1.2403628117913832,0.0
2673,-2.673469387755102,0.0
2674,7.702947845804988,0.0
2675,-0.9773242630385488,0.0
2676,2.523809523809524,4.440892098500626e-16
2677,7.857142857142857,0.0
2678,7.095238095238095,0.0
2679,8.428571428571429,0.0
2680,7.4897959183673475,8.881784197001252e-16
2681,-0.8095238095238095,1.1102230246251565e-16
2682,8.714285714285712,1.7763568394002505e-15
2683,1.585034013605442,2.220446049250313e-16
2684,1.9433106575963717,2.220446049250313e-16
2685,0.7142857142857144,0.0
2686,-2.6689342403628116,0.0
2687,-0.7188208616780043,0.0
2688,9.0,0.0
2689,9.0,0.0
2690,1.1541950113378685,0.0
2691,9.0,0.0
2692,9.0,0.0
2693,-1.2,0.13093073414159545
2694,5.571428571428571,8.881784197001252e-16
2695,-2.9999999999999996,0.0
2696,-2.7596371882086173,4.440892098500626e-16
2697,-2.4603174603174596,4.440892098500626e-16
2698,-0.23809523809523805,2.7755575615628914e-17
2699,1.4943310657596371,2.220446049250313e-16
2700,1.7256235827664406,2.220446049250313e-16
2701,8.428571428571429,0.0
2702,-0.4285714285714285,5.551115123125783e-17
2703,7.739229024943311,0.0
2704,3.2857142857142856,0.0
2705,0,0.04730704394752032
2706,9.0,0.0
2707,8.428571428571429,0.0
2708,2.5056689342403624,0.0
2709,1.8526077097505673,2.220446049250313e-16
2710,-1.9841269841269837,2.220446049250313e-16
2711,9.0,0.0
2712,9.0,0.0
2713,9.0,0.0
2714,7.285714285714283,1.7763568394002505e-15
2715,9.0,0.0
2716,-2.904761904761904,0.0
2717,5.299319727891157,8.881784197001252e-16
2718,4.238095238095238,8.881784197001252e-16
2719,5.571428571428571,8.881784197001252e-16
2720,7.428571428571429,0.1428571428571436
2721,9.0,0.0
2722,9.0,0.0
2723,9.0,0.0
2724,7.1768707482993195,0.0
2725,-2.4920634920634925,4.440892098500626e-16
2726,4.605442176870747,8.881784197001252e-16
2727,8.428571428571429,0.0
2728,4.841269841269842,0.0
2729,0,0.07518092628744957
2730,3.349206349206349,4.440892098500626e-16
2731,-1.7346938775510203,0.0
2732,3.9659863945578238,0.0
2733,9.0,0.0
2734,8.619047619047619,0.0
2735,8.809523809523808,0.0
2736,1.380952380952381,0.0
2737,2.655328798185941,0.0
2738,9.0,0.0
2739,0,0.08455952272828263
2740,-1.0952380952380953,2.220446049250313e-16
2741,4.011337868480725,8.881784197001252e-16
2742,-2.3605442176870746,0.0
2743,2.0430839002267573,4.440892098500626e-16
2744,5.317460317460317,0.0
2745,7.571428571428571,0.0
2746,7.145124716553288,0.0
2747,-2.687074829931973,0.0
2748,7.001814058956917,0.09682725547452138
2749,8.77142857142857,0.11428571428571459
2750,8.742857142857142,0.08571428571428595
2751,-1.7142857142857146,0.14285714285714282
2752,8.342403628117916,1.7763568394002505e-15
2753,8.428571428571429,0.0
2754,4.020408163265304,8.881784197001252e-16
2755,8.809523809523808,0.0
2756,8.428571428571429,0.0
2757,8.809523809523808,0.0
2758,7.095238095238095,0.0
2759,8.809523809523808,0.0
2760,8.809523809523808,0.0
2761,8.809523809523808,0.0
2762,8.24716553287982,0.0
2763,-2.238095238095238,0.0
2764,6.995464852607709,0.0
2765,-3.0,0.0
2766,8.714285714285712,1.7763568394002505e-15
2767,9.0,0.0
2768,9.0,0.0
2769,-2.238095238095238,0.0
2770,9.0,0.0
2771,9.0,0.0
2772,8.619047619047619,0.0
2773,9.0,0.0
2774,9.0,0.0
2775,9.0,0.0
2776,8.351473922902496,1.7763568394002505e-15
2777,9.0,0.0
2778,9.0,0.0
2779,9.0,0.0
2780,8.809523809523808,0.0
2781,9.0,0.0
2782,8.714285714285712,1.7763568394002505e-15
2783,9.0,0.0
2784,2.9501133786848057,4.440892098500626e-16
2785,3.0408163265306127,0.0
2786,3.013605442176871,0.0
2787,0.8730158730158728,1.1102230246251565e-16
2788,6.578231292517006,0.0
2789,-2.9999999999999996,0.0
2790,-1.6213151927437643,0.0
2791,6.705215419501132,8.881784197001252e-16
2792,7.095238095238093,8.881784197001252e-16
2793,6.8684807256235825,0.0
2794,9.0,0.0
2795,-2.7791383219954646,0.20217857981411702
2796,0,0.5892762223573731
2797,-1.5678004535147392,0.09637161531242265
2798,1.399092970521542,0.0
2799,0.20181405895691634,2.7755575615628914e-17
2800,-2.5464852607709747,0.0
2801,2.8049886621315196,4.440892098500626e-16
2802,-0.7097505668934242,0.0
2803,0.5510204081632651,0.0
2804,0.9092970521541949,0.0
2805,0,0.08912458916660213
2806,-1.643990929705215,0.0
2807,2.741496598639455,0.0
2808,2.700680272108843,0.0
2809,6.9773242630385495,0.0
2810,7.979591836734693,8.881784197001252e-16
2811,0,0.08204105449036524
2812,9.0,0.0
2813,4.10657596371882,8.881784197001252e-16
2814,4.732426303854874,8.881784197001252e-16
2815,0,0.07599586418377652
2816,1.3523809523809522,0.04922463269421912
2817,1.4702947845804988,0.04392542520005541
2818,0.6843537414965983,0.05850867455009573
2819,0.20045351473922932,0.03276938213061245
2820,0,0.054325311344686926
2821,0,0.1171929823589095
2822,-1.267120181405896,0.12960448334623526
2823,-0.6353741496598638,0.19002429929114456
2824,0,0.2382640584950634
2825,0,0.1498308649953833
2826,0,0.5256625155062413
2827,0,0.15767971172819117
2828,0,0.12593019059815763
2829,0,0.18763456426320763
2830,0,0.15682760012039337
2831,0,0.3205643518771984
2832,0,0.053907242709895914
2833,0,0.10529065259290257
2834,0,0.18261276547167818
2835,0,0.2063013574883896
2836,0,0.19769341602746174
2837,0,0.06149265199812239
2838,0,0.1809910221928344
2839,0,0.4497505920454961
2840,0,0.05920756070881664
2841,0,0.08165910380237394
2842,0,0.19974685878781814
2843,0,0.13223746359228217
2844,0,0.1968739816939096
2845,0,0.06514846174278657
2846,0,0.12897372343937755
2847,0.781859410430839,0.15785244860197903
2848,0,0.21555503553487174
2849,0,0.13340504342159132
2850,0,0.08631208828929579
2851,0,0.3193903108413664
2852,0,0.16888538154191957
2853,0,0.29031638966930995
2854,0,0.202860544442641
2855,0,0.37210766898489583
2856,0,0.1360362799696044
2857,0,0.1478458049886621
2858,0,0.11668644290493063
2859,0,0.3306069569609058
2860,0,0.12128446004859342
2861,0,0.19634045822739113
2862,0,0.41193620277058474
2863,0,0.15829223685285468
2864,0,0.10155996554786993
2865,0,0.20020556997116534
2866,0,0.18774414725893157
2867,0,0.1815991034604832
2868,0,0.33970161219687806
2869,0,0.6525577550338
2870,0,0.22131751606527428
2871,0,0.13285814718066227
2872,0.9278911564625847,0.1472973704477789
2873,-2.7714285714285714,0.2051491355098859
2874,-1.400453514739229,0.2193066172096777
2875,0,0.08220509794374385
2876,0.29614512471655335,0.049130530844266045
2877,-0.9836734693877552,0.039960799586232554
2878,-0.4285714285714285,0.0
2879,0.9410430839002272,1.1102230246251565e-16
2880,0.3786848072562358,0.0
2881,3.0362811791383213,0.0
2882,4.10657596371882,8.881784197001252e-16
2883,1.2176870748299318,0.0
2884,9.0,0.0
2885,0,0.07667082142514639
2886,0,0.09948835848591094
2887,0,0.09130075109335108
2888,0,0.10260363805955233
2889,0,0.13083015961032765
2890,0,0.07760404494029469
2891,0,0.045541551784610265
2892,0,0.11847416141262322
2893,0,0.1143981378438179
2894,0,0.03142369560330162
2895,4.791383219954648,8.881784197001252e-16
2896,1.8390022675736961,2.220446049250313e-16
2897,2.623582766439909,0.0
2898,4.736961451247166,8.881784197001252e-16
2899,0.46485260770975056,0.0
2900,-0.7052154195011336,1.1102230246251565e-16
2901,-1.3945578231292515,2.220446049250313e-16
2902,0.8775510204081634,1.1102230246251565e-16
2903,-2.2879818594104306,4.440892098500626e-16
2904,1.126984126984126,0.0
2905,1.1678004535147395,2.220446049250313e-16
2906,-2.229024943310658,4.440892098500626e-16
2907,-3.0,0.0
2908,3.7074829931972793,4.440892098500626e-16
2909,9.0,0.0
2910,7.367346938775509,0.0
2911,6.65079365079365,0.0
2912,2.2154195011337867,0.0
2913,-2.2562358276643986,0.0
2914,7.702947845804988,0.0
2915,1.0634920634920633,0.0
2916,2.841269841269842,0.0
2917,0.3469387755102041,5.551115123125783e-17
2918,8.771428571428569,0.11428571428571459
2919,8.771428571428569,0.11428571428571459
2920,8.388662131519274,0.13969137410587834
2921,8.857142857142856,0.14285714285714327
2922,8.714285714285712,1.7763568394002505e-15
2923,8.641723356009068,0.13701850413265645
2924,8.4,0.10954141349488916
2925,8.106122448979592,0.13207249352592867
2926,8.742857142857142,0.08571428571428595
2927,8.828571428571427,0.1399708424447534
2928,8.828571428571427,0.1399708424447534
2929,8.771428571428569,0.11428571428571459
2930,8.857142857142858,0.14285714285714324
2931,8.799999999999999,0.13093073414159578
2932,8.742857142857142,0.08571428571428595
2933,-0.9183673469387756,0.013605442176870819
2934,-0.8657596371882088,0.014226201488760151
2935,8.457142857142859,0.08571428571428541
2936,6.672108843537414,0.12856242994820732
2937,8.799999999999999,0.13093073414159578
2938,8.799999999999999,0.13093073414159578
2939,8.799999999999999,0.13093073414159578
2940,8.4,0.10954141349488916
2941,8.05532879818594,0.11971500652171214
2942,-2.831292517006802,0.13774908304086808
2943,8.742857142857142,0.08571428571428595
2944,8.742857142857142,0.08571428571428595
2945,8.771428571428569,0.11428571428571459
2946,5.282993197278911,0.08477693565930508
2947,8.454875283446714,0.1340563794056585
2948,8.742857142857142,0.08571428571428595
2949,8.425396825396827,0.12677420289900476
2950,8.799999999999999,0.13093073414159578
2951,6.677097505668934,0.12827013211719576
2952,8.542857142857141,0.13997084244475252
2953,-0.7827664399092972,0.10478938689898872
2954,-1.0843537414965987,0.12466624423352711
2955,8.370975056689343,0.08273506068099014
2956,8.799999999999999,0.13093073414159578
2957,8.8,0.13093073414159576
2958,8.742857142857142,0.08571428571428595
2959,8.828571428571427,0.1399708424447534
2960,8.417687074829932,0.18625271152945458
2961,-2.800453514739229,0.1306563291690515
2962,-2.174603174603174,0.34293631882829145
2963,-1.4571428571428573,0.34285714285714297
2964,0,0.7332626523054028
2965,0,0.40062707620085014
2966,0,0.3538871146295284
2967,0,0.08594792330915452
2968,0,0.05650036528918378
2969,0,0.12330347687625309
2970,0,0.09100742546269827
