resNum,DataCol,ColorCol
23S:1,0,#f7fcf5
23S:2,0,#f7fcf5
23S:3,0,#f7fcf5
23S:4,0,#f7fcf5
23S:5,0,#f7fcf5
23S:6,0,#f7fcf5
23S:7,1.3332089,#d4eece
23S:8,0,#f7fcf5
23S:9,-0.5302239,#dcdcec
23S:10,0,#f7fcf5
23S:11,0.23171642,#f2faf0
23S:12,0,#f7fcf5
23S:13,-1.763806,#64459e
23S:14,5.314179,#18823d
23S:15,-1.9402986,#562b91
23S:16,2.1231344,#b4e1ad
23S:17,-2.25,#3f007d
23S:18,4.097015,#48ae60
23S:19,1.1156716,#dbf1d6
23S:20,0.630597,#eaf7e6
23S:21,-1.869403,#5c3696
23S:22,1.5671642,#cbebc5
23S:23,5.2873135,#19833e
23S:24,6.347015,#005723
23S:25,4.182836,#43ac5e
23S:26,6.75,#00441b
23S:27,5.4365673,#137d39
23S:28,6.75,#00441b
23S:29,6.75,#00441b
23S:30,5.100746,#218944
23S:31,-1.7649254,#64459e
23S:32,6.25,#005b25
23S:33,6.347015,#005723
23S:34,-1.1641791,#9a96c6
23S:35,6.75,#00441b
23S:36,6.6156716,#004a1e
23S:37,4.7649255,#2e964d
23S:38,-1.7126865,#684da1
23S:39,0.9738806,#e1f3dc
23S:40,-1.4738806,#7b72b4
23S:41,-0.33283582,#eceaf3
23S:42,0,#f7fcf5
23S:43,3.6977613,#60ba6c
23S:44,0.25746268,#f2faef
23S:45,6.011194,#00682a
23S:46,0.3022388,#f1faee
23S:47,4.3757463,#3ca559
23S:48,5.669403,#097532
23S:49,6.682836,#00471c
23S:50,0.53731346,#ecf8e8
23S:51,6.75,#00441b
23S:52,6.75,#00441b
23S:53,6.25,#005b25
23S:54,6.2126865,#005e26
23S:55,6.75,#00441b
23S:56,1.011194,#dff3da
23S:57,6.6156716,#004a1e
23S:58,6.75,#00441b
23S:59,4.6455226,#319a50
23S:60,5.272388,#1a843f
23S:61,0.9402985,#e2f4dd
23S:62,0.37313432,#eff9ec
23S:63,4.600746,#339c52
23S:64,2.8544776,#90d18d
23S:65,0.7320896,#e8f6e3
23S:66,6.347015,#005723
23S:67,3.8619404,#56b567
23S:68,5.1380596,#208843
23S:69,6.75,#00441b
23S:70,6.6156716,#004a1e
23S:71,6.4813433,#005120
23S:72,2.2873135,#acdea6
23S:73,6.75,#00441b
23S:74,3.152985,#80ca80
23S:75,6.347015,#005723
23S:76,6.078358,#006428
23S:77,1.0932835,#dcf2d7
23S:78,-0.026119404,#fbfafc
23S:79,0.0858209,#f5fbf3
23S:80,5.25,#1a843f
23S:81,6.2126865,#005e26
23S:82,3.3544776,#75c477
23S:83,2.4216418,#a7dba0
23S:84,6.6156716,#004a1e
23S:85,5.75,#067230
23S:86,-0.029850746,#fbfafc
23S:87,0.45149255,#edf8ea
23S:88,6.4813433,#005120
23S:89,0.16791044,#f4fbf1
23S:90,1.108209,#dbf1d6
23S:91,-0.6828358,#cecee5
23S:92,0.53059703,#ecf8e8
23S:93,0.42910448,#eef8ea
23S:94,3.6604478,#63bc6e
23S:95,0.3955224,#eff9eb
23S:96,-0.19402985,#f3f1f7
23S:97,3.9440298,#52b365
23S:98,0.2947761,#f1faee
23S:99,2.797388,#92d28f
23S:100,0,#f7fcf5
23S:101,1.1059701,#dcf2d7
23S:102,5.8097014,#03702e
23S:103,6.75,#00441b
23S:104,0.063432835,#f6fcf4
23S:105,6.2126865,#005e26
23S:106,5.152985,#1f8742
23S:107,0.11567164,#f5fbf2
23S:108,2.1343284,#b4e1ad
23S:109,1.0932835,#dcf2d7
23S:110,6.2126865,#005e26
23S:111,5.358209,#16803c
23S:112,6.75,#00441b
23S:113,-0.19402985,#f3f1f7
23S:114,1.0074627,#dff3da
23S:115,6.75,#00441b
23S:116,6.2126865,#005e26
23S:117,4.6455226,#319a50
23S:118,6.75,#00441b
23S:119,6.682836,#00471c
23S:120,6.642537,#00491d
23S:121,5.658582,#0a7633
23S:122,5.6679106,#0a7633
23S:123,6.5216417,#004e1f
23S:124,-1.2850746,#8d89c0
23S:125,0.46044776,#edf8ea
23S:126,-0.74104476,#c7c8e1
23S:127,0,#f7fcf5
23S:128,-0.40634328,#e6e5f1
23S:129,6.1246266,#006227
23S:130,4.2152987,#42ab5d
23S:131,0.70522386,#e8f6e4
23S:132,0.51492536,#ecf8e8
23S:133,1.6667911,#c8e9c1
23S:134,0,#f7fcf5
23S:135,0,#f7fcf5
23S:136,0,#f7fcf5
23S:137,0,#f7fcf5
23S:138,0,#f7fcf5
23S:139,0.57873136,#ebf7e7
23S:140,0.78320897,#e7f6e2
23S:141,0.51492536,#ecf8e8
23S:142,0,#f7fcf5
23S:143,0,#f7fcf5
23S:144,0,#f7fcf5
23S:145,0,#f7fcf5
23S:146,1.7283581,#c6e8bf
23S:147,0.97761196,#e0f3db
23S:148,0.67164177,#e9f7e5
23S:149,0.96902984,#e1f3dc
23S:150,-0.01119403,#fcfbfd
23S:151,0.6544776,#e9f7e5
23S:152,0.90970147,#e3f4de
23S:153,0,#f7fcf5
23S:154,0,#f7fcf5
23S:155,0,#f7fcf5
23S:156,0,#f7fcf5
23S:157,0,#f7fcf5
23S:158,0,#f7fcf5
23S:159,0,#f7fcf5
23S:160,0,#f7fcf5
23S:161,-0.9925373,#adabd2
23S:162,3.2425373,#7cc87c
23S:163,1.5559702,#cbebc5
23S:164,-0.7201493,#cacae3
23S:165,0,#f7fcf5
23S:166,0,#f7fcf5
23S:167,0,#f7fcf5
23S:168,0,#f7fcf5
23S:169,0,#f7fcf5
23S:170,0,#f7fcf5
23S:171,0,#f7fcf5
23S:172,0,#f7fcf5
23S:173,0,#f7fcf5
23S:174,1.0738806,#ddf2d8
23S:175,0.55597013,#ebf7e7
23S:176,0.06716418,#f6fcf4
23S:177,-0.57798505,#d9d9ea
23S:178,5.894403,#006d2c
23S:179,0,#f7fcf5
23S:180,3.2977612,#78c679
23S:181,5.2126865,#1d8640
23S:182,6.75,#00441b
23S:183,6.6156716,#004a1e
23S:184,1.6380597,#c9eac2
23S:185,2.164179,#b1e0ab
23S:186,-0.05597015,#faf8fb
23S:187,0.5634328,#ebf7e7
23S:188,0.37313432,#eff9ec
23S:189,6.5,#005020
23S:190,6,#00682a
23S:191,6.75,#00441b
23S:192,0.16044776,#f4fbf1
23S:193,3.5,#6dc072
23S:194,6.75,#00441b
23S:195,6.75,#00441b
23S:196,6.75,#00441b
23S:197,5.2686567,#1a843f
23S:198,6.4813433,#005120
23S:199,6.75,#00441b
23S:200,6.75,#00441b
23S:201,6.75,#00441b
23S:202,6.25,#005b25
23S:203,-0.47014925,#e1e0ee
23S:204,6.5,#005020
23S:205,6.6156716,#004a1e
23S:206,6.75,#00441b
23S:207,6.75,#00441b
23S:208,0.8358209,#e5f5e1
23S:209,0.55597013,#ebf7e7
23S:210,-0.31716418,#ecebf4
23S:211,2.1604478,#b2e0ac
23S:212,1.0410448,#def2d9
23S:213,6.1376867,#006227
23S:214,6.75,#00441b
23S:215,6.75,#00441b
23S:216,6.75,#00441b
23S:217,4.302239,#3ea75a
23S:218,2.5410447,#a0d99b
23S:219,5.175373,#1e8741
23S:220,6.347015,#005723
23S:221,6.75,#00441b
23S:222,5.3395524,#17813d
23S:223,6.1761193,#005f26
23S:224,0.72350746,#e8f6e3
23S:225,4.6641793,#319a50
23S:226,5.172388,#1e8741
23S:227,5.8567166,#016e2d
23S:228,0.5753731,#ebf7e7
23S:229,0.90970147,#e3f4de
23S:230,4.611567,#339c52
23S:231,0.69291043,#e8f6e4
23S:232,6.4813433,#005120
23S:233,6.75,#00441b
23S:234,5.1044774,#218944
23S:235,-1.4962686,#796eb2
23S:236,3.8208954,#5ab769
23S:237,5.8097014,#03702e
23S:238,1.8022388,#c2e7bb
23S:239,2.2910447,#acdea6
23S:240,0.13059701,#f5fbf2
23S:241,6.75,#00441b
23S:242,6.75,#00441b
23S:243,6.75,#00441b
23S:244,6.75,#00441b
23S:245,3,#88ce87
23S:246,-0.6902985,#cdcde4
23S:247,5.75,#067230
23S:248,6.238806,#005c25
23S:249,6.6156716,#004a1e
23S:250,6.75,#00441b
23S:251,6.75,#00441b
23S:252,0.2238806,#f2faf0
23S:253,3.5,#6dc072
23S:254,6.5,#005020
23S:255,6.75,#00441b
23S:256,6.75,#00441b
23S:257,2.022388,#b8e3b2
23S:258,1.4514925,#cfecc9
23S:259,1.4522388,#cfecc9
23S:260,6.6156716,#004a1e
23S:261,3.772761,#5bb86a
23S:262,-1.4701493,#7b72b4
23S:263,1.0671642,#ddf2d8
23S:264,0.7089552,#e8f6e4
23S:265,6.75,#00441b
23S:266,6.5,#005020
23S:267,1.1940298,#d9f0d3
23S:268,2.652985,#9bd696
23S:269,3.7014925,#60ba6c
23S:270,5.0037313,#258d47
23S:271,-0.72761196,#c9c9e2
23S:272,-0.17537314,#f4f3f8
23S:273,-0.063432835,#f9f8fb
23S:274,0.16791044,#f4fbf1
23S:275,0,#f7fcf5
23S:276,0,#f7fcf5
23S:277,0,#f7fcf5
23S:278,0,#f7fcf5
23S:279,0,#f7fcf5
23S:280,0,#f7fcf5
23S:281,0,#f7fcf5
23S:282,0,#f7fcf5
23S:283,-0.5078358,#dedeed
23S:284,-0.17686567,#f4f2f8
23S:285,-0.32761195,#eceaf3
23S:286,0,#f7fcf5
23S:287,-0.25746268,#f0eef6
23S:288,0.048507463,#f6fcf4
23S:289,0.36940297,#eff9ec
23S:290,0.014925373,#f7fcf5
23S:291,0.15298508,#f4fbf2
23S:292,0.69402987,#e8f6e4
23S:293,-1.108209,#9f9cc9
23S:294,0,#f7fcf5
23S:295,2.0447762,#b7e2b1
23S:296,0.66791046,#e9f7e5
23S:297,-0.052238807,#faf9fc
23S:298,5.772388,#067230
23S:299,6.75,#00441b
23S:300,6.25,#005b25
23S:301,0.29291046,#f1faee
23S:302,0.23507462,#f2faf0
23S:303,-0.04477612,#faf9fc
23S:304,-0.15298508,#f5f4f9
23S:305,3.152985,#80ca80
23S:306,6.4813433,#005120
23S:307,5.930597,#006c2c
23S:308,6.011194,#00682a
23S:309,4.850746,#2b934b
23S:310,6.6156716,#004a1e
23S:311,0,#f7fcf5
23S:312,4.3708954,#3ca559
23S:313,0.38432837,#eff9ec
23S:314,0.02238806,#f7fcf5
23S:315,0.2238806,#f2faf0
23S:316,0.07462686,#f6fcf4
23S:317,2.7574627,#95d391
23S:318,4.75,#2e964d
23S:319,3.925373,#53b466
23S:320,2.2910447,#acdea6
23S:321,1.7201493,#c6e8bf
23S:322,6.75,#00441b
23S:323,4.3097014,#3ea75a
23S:324,4.3320894,#3da65a
23S:325,4.078358,#4aaf61
23S:326,5.0373135,#238b45
23S:327,6.6156716,#004a1e
23S:328,6.75,#00441b
23S:329,5.5858207,#0d7836
23S:330,6.6156716,#004a1e
23S:331,0.42910448,#eef8ea
23S:332,6.6156716,#004a1e
23S:333,4.75,#2e964d
23S:334,2.7574627,#95d391
23S:335,6.6156716,#004a1e
23S:336,5.0373135,#238b45
23S:337,3.8208954,#5ab769
23S:338,5.9925375,#00682a
23S:339,6.75,#00441b
23S:340,6.75,#00441b
23S:341,0.10074627,#f5fbf3
23S:342,0.5932836,#ebf7e7
23S:343,1.7048508,#c7e9c0
23S:344,0,#f7fcf5
23S:345,0,#f7fcf5
23S:346,0,#f7fcf5
23S:347,-0.7802239,#c3c4e0
23S:348,0.2761194,#f1faee
23S:349,-0.44402984,#e3e2ef
23S:350,-0.40298507,#e6e5f1
23S:351,0.03731343,#f6fcf4
23S:352,-0.49626866,#dfdfed
23S:353,-0.25746268,#f0eef6
23S:354,-0.22014925,#f2f0f7
23S:355,0.048507463,#f6fcf4
23S:356,0.5074627,#ecf8e8
23S:357,-0.40223882,#e6e5f1
23S:358,0,#f7fcf5
23S:359,0,#f7fcf5
23S:360,0,#f7fcf5
23S:361,0,#f7fcf5
23S:362,0,#f7fcf5
23S:363,0.48507464,#edf8e9
23S:364,0.33582088,#f0f9ed
23S:365,-0.43656716,#e4e3f0
23S:366,-0.52238804,#ddddec
23S:367,2.9589553,#8ace88
23S:368,1.869403,#c0e6b9
23S:369,0.11940298,#f5fbf2
23S:370,4.600746,#339c52
23S:371,6.75,#00441b
23S:372,6.5,#005020
23S:373,6.75,#00441b
23S:374,6.5,#005020
23S:375,0.8097015,#e6f5e1
23S:376,0.3022388,#f1faee
23S:377,1.9589552,#bbe4b4
23S:378,0.7910448,#e6f5e1
23S:379,4.3880596,#3ba458
23S:380,2.477612,#a4da9e
23S:381,2.3880596,#a8dca2
23S:382,-1.9925373,#52238d
23S:383,0.26865673,#f1faee
23S:384,-2.0447762,#4e1c8a
23S:385,0,#f7fcf5
23S:386,0,#f7fcf5
23S:387,0,#f7fcf5
23S:388,6.25,#005b25
23S:389,1.7492537,#c4e8bd
23S:390,0.8708955,#e4f5df
23S:391,2.358209,#a9dca3
23S:392,4.399254,#3ba458
23S:393,2.358209,#a9dca3
23S:394,1.391791,#d2edcc
23S:395,0.4216418,#eff9eb
23S:396,4.7910447,#2d954d
23S:397,0.6455224,#e9f7e5
23S:398,0.3022388,#f1faee
23S:399,0.9477612,#e2f4dd
23S:400,6.5,#005020
23S:401,6.75,#00441b
23S:402,6.75,#00441b
23S:403,1.2235074,#d8f0d2
23S:404,0.45783582,#edf8ea
23S:405,2.675373,#99d595
23S:406,4.8395524,#2b934b
23S:407,3.9104478,#53b466
23S:408,4.097015,#48ae60
23S:409,1.488806,#ceecc8
23S:410,5.4067163,#147e3a
23S:411,2.3955224,#a8dca2
23S:412,6.108209,#006328
23S:413,2.25,#aedea7
23S:414,4.75,#2e964d
23S:415,1.4820895,#ceecc8
23S:416,-2,#51228d
23S:417,5.4067163,#147e3a
23S:418,1.4925373,#ceecc8
23S:419,1.3955224,#d2edcc
23S:420,3.783582,#5bb86a
23S:421,2.6007462,#9ed798
23S:422,6.75,#00441b
23S:423,6.75,#00441b
23S:424,2.652985,#9bd696
23S:425,1.1268656,#dbf1d6
23S:426,6.5,#005020
23S:427,6.75,#00441b
23S:428,6.6156716,#004a1e
23S:429,6.5,#005020
23S:430,5.1044774,#218944
23S:431,4.75,#2e964d
23S:432,6.75,#00441b
23S:433,6.011194,#00682a
23S:434,1.0261194,#dff3da
23S:435,0.03358209,#f6fcf4
23S:436,3.5977612,#66bd6f
23S:437,0,#f7fcf5
23S:438,-0.38656718,#e8e6f2
23S:439,-1.4738806,#7b72b4
23S:440,0.9738806,#e1f3dc
23S:441,-1.7126865,#684da1
23S:442,4.8619404,#2a924a
23S:443,4.675373,#309950
23S:444,6.6156716,#004a1e
23S:445,6.75,#00441b
23S:446,6.6156716,#004a1e
23S:447,6.75,#00441b
23S:448,6.75,#00441b
23S:449,6.75,#00441b
23S:450,6.75,#00441b
23S:451,1.2425373,#d7efd1
23S:452,6.5,#005020
23S:453,3.0735075,#84cc83
23S:454,6.75,#00441b
23S:455,3.199627,#7dc87e
23S:456,-0.81268656,#bfc0de
23S:457,6.5,#005020
23S:458,6.75,#00441b
23S:459,6.75,#00441b
23S:460,6.75,#00441b
23S:461,2.4925373,#a3da9d
23S:462,3.9925373,#4eb264
23S:463,6.75,#00441b
23S:464,5.738806,#077331
23S:465,6.4813433,#005120
23S:466,6.75,#00441b
23S:467,3.9925373,#4eb264
23S:468,2.4291046,#a5db9f
23S:469,6.369403,#005622
23S:470,6.75,#00441b
23S:471,6.75,#00441b
23S:472,3.3208954,#78c679
23S:473,6,#00682a
23S:474,-1.7649254,#64459e
23S:475,4.197761,#42ab5d
23S:476,6.6156716,#004a1e
23S:477,6.25,#005b25
23S:478,6.6156716,#004a1e
23S:479,6.75,#00441b
23S:480,6.75,#00441b
23S:481,6.75,#00441b
23S:482,0.6268657,#eaf7e6
23S:483,6.75,#00441b
23S:484,5.25,#1a843f
23S:485,6.4813433,#005120
23S:486,6.078358,#006428
23S:487,4.970149,#268e47
23S:488,3.0783582,#84cc83
23S:489,1.9511194,#bce4b5
23S:490,0,#f7fcf5
23S:491,0.1977612,#f3faf0
23S:492,5.630597,#0b7734
23S:493,4.4365673,#39a257
23S:494,6.078358,#006428
23S:495,6.4813433,#005120
23S:496,3,#88ce87
23S:497,-0.8432836,#bdbedc
23S:498,6.25,#005b25
23S:499,6.4231343,#005321
23S:500,6,#00682a
23S:501,0,#f7fcf5
23S:502,5.55,#0e7936
23S:503,6.6156716,#004a1e
23S:504,-0.9291045,#b3b3d6
23S:505,6.6156716,#004a1e
23S:506,6.75,#00441b
23S:507,1.919403,#bde5b6
23S:508,-1.8059702,#613f9a
23S:509,6.252985,#005b25
23S:510,5.05597,#238b45
23S:511,6.75,#00441b
23S:512,6.75,#00441b
23S:513,6.75,#00441b
23S:514,6.75,#00441b
23S:515,6.2425375,#005c25
23S:516,4.2985077,#3ea75a
23S:517,5.2873135,#19833e
23S:518,1.8134328,#c2e7bb
23S:519,-1.0858209,#a29fcb
23S:520,0.73507464,#e8f6e3
23S:521,1.261194,#d7efd1
23S:522,4.097015,#48ae60
23S:523,-2.25,#3f007d
23S:524,0.61567163,#eaf7e6
23S:525,0.17910448,#f4fbf1
23S:526,6.6156716,#004a1e
23S:527,0.29850745,#f1faee
23S:528,3,#88ce87
23S:529,-1.75,#65479e
23S:530,-0.3619403,#e9e8f2
23S:531,-0.3432836,#eae9f3
23S:532,0,#f7fcf5
23S:533,5.75,#067230
23S:534,-1.1902986,#9793c5
23S:535,0.31716418,#f0f9ed
23S:536,1.9365672,#bce4b5
23S:537,-0.01119403,#fcfbfd
23S:538,-1.7462686,#65489f
23S:539,6.5,#005020
23S:540,5.8097014,#03702e
23S:541,0.70522386,#e8f6e4
23S:542,1.6313432,#caeac3
23S:543,-0.5152985,#dedded
23S:544,0,#f7fcf5
23S:545,0,#f7fcf5
23S:546,0.026119404,#f7fcf5
23S:547,0.6044776,#ebf7e7
23S:548,2.324627,#aadda4
23S:549,0,#f7fcf5
23S:550,0.49701494,#edf8e9
23S:551,3.338806,#76c578
23S:552,1.1567165,#dbf1d5
23S:553,5.8097014,#03702e
23S:554,6.75,#00441b
23S:555,-2.175373,#440a82
23S:556,-1.1156716,#9f9cc9
23S:557,1.9365672,#bce4b5
23S:558,0.29850745,#f1faee
23S:559,-1.4029851,#807dba
23S:560,5.533582,#107a37
23S:561,2.9216418,#8dd08a
23S:562,6.75,#00441b
23S:563,0.2835821,#f1faee
23S:564,6.6156716,#004a1e
23S:565,-2.25,#3f007d
23S:566,6.75,#00441b
23S:567,1.9291044,#bce4b5
23S:568,6,#00682a
23S:569,5.1455226,#1f8742
23S:570,6.75,#00441b
23S:571,-0.0858209,#f8f7fb
23S:572,6.6156716,#004a1e
23S:573,-0.8022388,#c0c1de
23S:574,2.4962687,#a3da9d
23S:575,6.75,#00441b
23S:576,-2.1156716,#491285
23S:577,6.6156716,#004a1e
23S:578,2.1567163,#b2e0ac
23S:579,3.9813433,#50b264
23S:580,1.9365672,#bce4b5
23S:581,6.5,#005020
23S:582,1.5037314,#cdecc7
23S:583,4.9589553,#268e47
23S:584,-2.130597,#481084
23S:585,6.75,#00441b
23S:586,6.75,#00441b
23S:587,2.1828358,#b1e0ab
23S:588,6.5,#005020
23S:589,2.0597014,#b6e2af
23S:590,-2.0373135,#4f1d8b
23S:591,-0.9589552,#afaed4
23S:592,-0.65820897,#d0d1e6
23S:593,0.11940298,#f5fbf2
23S:594,0.9716418,#e1f3dc
23S:595,0.14552239,#f4fbf2
23S:596,0.041044775,#f6fcf4
23S:597,1.5783582,#cbebc5
23S:598,2.6492538,#9bd696
23S:599,1.3768656,#d2edcc
23S:600,6.5,#005020
23S:601,6.6156716,#004a1e
23S:602,1.8097014,#c2e7bb
23S:603,5.75597,#067230
23S:604,6.75,#00441b
23S:605,1.3134328,#d5efcf
23S:606,0.70522386,#e8f6e4
23S:607,6.75,#00441b
23S:608,6.75,#00441b
23S:609,6.75,#00441b
23S:610,1.7238806,#c6e8bf
23S:611,0.73731345,#e8f6e3
23S:612,0,#f7fcf5
23S:613,-0.08208955,#f8f7fb
23S:614,0.24626866,#f2faef
23S:615,0.01119403,#f7fcf5
23S:616,1.8320895,#c1e6ba
23S:617,0.78283584,#e7f6e2
23S:618,0.8022388,#e6f5e1
23S:619,6.6156716,#004a1e
23S:620,-0.026119404,#fbfafc
23S:621,6.75,#00441b
23S:622,6.123134,#006227
23S:623,1.7350746,#c6e8bf
23S:624,6.75,#00441b
23S:625,4.511194,#369f54
23S:626,0.8208955,#e5f5e1
23S:627,6.75,#00441b
23S:628,6.75,#00441b
23S:629,0.88432837,#e4f5df
23S:630,6.75,#00441b
23S:631,6.75,#00441b
23S:632,6.75,#00441b
23S:633,6.6156716,#004a1e
23S:634,0.9738806,#e1f3dc
23S:635,6.75,#00441b
23S:636,0,#f7fcf5
23S:637,-1,#acaad1
23S:638,2,#bae3b3
23S:639,-2.25,#3f007d
23S:640,-1.988806,#52238d
23S:641,-1.2835821,#8d89c0
23S:642,1.0970149,#dcf2d7
23S:643,1.5,#ceecc8
23S:644,4.5074625,#37a055
23S:645,0.1380597,#f4fbf2
23S:646,0,#f7fcf5
23S:647,5.0399256,#238b45
23S:648,1.8432835,#c1e6ba
23S:649,6.5,#005020
23S:650,6.25,#005b25
23S:651,1.9365672,#bce4b5
23S:652,0.19402985,#f3faf0
23S:653,-0.87985075,#b8b8d9
23S:654,0,#f7fcf5
23S:655,6.347015,#005723
23S:656,6.6156716,#004a1e
23S:657,5.5,#117b38
23S:658,1.3768656,#d2edcc
23S:659,-0.18656716,#f3f2f8
23S:660,1.6570896,#c9eac2
23S:661,0.12761194,#f5fbf2
23S:662,0.5708955,#ebf7e7
23S:663,2.4925373,#a3da9d
23S:664,0.70522386,#e8f6e4
23S:665,-1.0186567,#aaa8d0
23S:666,-0.45895523,#e2e1ef
23S:667,-2.0373135,#4f1d8b
23S:668,2.0597014,#b6e2af
23S:669,6,#00682a
23S:670,6.25,#005b25
23S:671,6.75,#00441b
23S:672,4.902985,#29914a
23S:673,3.9067163,#53b466
23S:674,6.6156716,#004a1e
23S:675,6.75,#00441b
23S:676,6.6156716,#004a1e
23S:677,2.097015,#b5e1ae
23S:678,6.75,#00441b
23S:679,5.8097014,#03702e
23S:680,1.1865672,#d9f0d3
23S:681,2.7201493,#97d492
23S:682,4.2462687,#3fa95c
23S:683,0.66791046,#e9f7e5
23S:684,6.75,#00441b
23S:685,6.75,#00441b
23S:686,5.675373,#097532
23S:687,6.75,#00441b
23S:688,6.75,#00441b
23S:689,6.75,#00441b
23S:690,0.60820895,#eaf7e6
23S:691,-0.21268657,#f2f0f7
23S:692,6.347015,#005723
23S:693,-1.5559702,#7465ad
23S:694,2.1902986,#b0dfaa
23S:695,6.25,#005b25
23S:696,2.8283582,#91d28e
23S:697,0.8022388,#e6f5e1
23S:698,5.5,#117b38
23S:699,6.75,#00441b
23S:700,5.6455226,#0a7633
23S:701,6.4813433,#005120
23S:702,0.26492536,#f1faee
23S:703,5.5,#117b38
23S:704,6.6156716,#004a1e
23S:705,6.75,#00441b
23S:706,6.75,#00441b
23S:707,5.9925375,#00682a
23S:708,0.26865673,#f1faee
23S:709,-0.6567164,#d0d1e6
23S:710,0.5335821,#ecf8e8
23S:711,1.4962686,#ceecc8
23S:712,2.7910447,#94d390
23S:713,-1.0298507,#a8a6cf
23S:714,-1.675,#6b53a4
23S:715,5.052239,#238b45
23S:716,5.5,#117b38
23S:717,-0.8022388,#c0c1de
23S:718,-2.0261195,#4f1f8b
23S:719,2.7910447,#94d390
23S:720,0.79850745,#e6f5e1
23S:721,-0.30597016,#eeecf4
23S:722,-0.98507464,#adabd2
23S:723,0.54850745,#ecf8e8
23S:724,6.4813433,#005120
23S:725,6.75,#00441b
23S:726,6.6156716,#004a1e
23S:727,6.75,#00441b
23S:728,6.25,#005b25
23S:729,6.75,#00441b
23S:730,0.26492536,#f1faee
23S:731,6.2462687,#005c25
23S:732,5.55597,#0e7936
23S:733,6.5082088,#005020
23S:734,0.24626866,#f2faef
23S:735,6.25,#005b25
23S:736,-1.75,#65479e
23S:737,0.36567163,#f0f9ec
23S:738,1.5447761,#ccebc6
23S:739,0.12313433,#f5fbf2
23S:740,0.3022388,#f1faee
23S:741,0.6044776,#ebf7e7
23S:742,-0.37686568,#e8e7f2
23S:743,-0.5708955,#dadaeb
23S:744,-0.619403,#d4d4e8
23S:745,-2.1716418,#440a82
23S:746,-1.7891791,#62429c
23S:747,6.069776,#006428
23S:748,4.6768656,#309950
23S:749,-1.0410448,#a7a4ce
23S:750,6,#00682a
23S:751,6.373134,#005622
23S:752,2.4925373,#a3da9d
23S:753,-0.67164177,#cecfe5
23S:754,-0.43656716,#e4e3f0
23S:755,-0.24253732,#f1eff6
23S:756,-0.48880598,#e0dfee
23S:757,0.5708955,#ebf7e7
23S:758,1.5708956,#cbebc5
23S:759,0.48880598,#edf8e9
23S:760,-1.7574627,#65479e
23S:761,-1,#acaad1
23S:762,6.75,#00441b
23S:763,6.5,#005020
23S:764,6.75,#00441b
23S:765,0.7164179,#e8f6e3
23S:766,2.0522387,#b7e2b1
23S:767,3.5,#6dc072
23S:768,1.4253731,#d0edca
23S:769,-1.5559702,#7465ad
23S:770,6.75,#00441b
23S:771,-0.11567164,#f7f5fa
23S:772,0.02238806,#f7fcf5
23S:773,6.6156716,#004a1e
23S:774,4.824627,#2c944c
23S:775,6.75,#00441b
23S:776,4.6902986,#309950
23S:777,3.9291046,#52b365
23S:778,6.6156716,#004a1e
23S:779,4.3320894,#3da65a
23S:780,4.4067163,#3aa357
23S:781,6.75,#00441b
23S:782,6.373134,#005622
23S:783,6.75,#00441b
23S:784,3.3171642,#78c679
23S:785,2.7649255,#95d391
23S:786,5.3843284,#157f3b
23S:787,3.022388,#87cd86
23S:788,5,#258d47
23S:789,6.75,#00441b
23S:790,4.600746,#339c52
23S:791,6.75,#00441b
23S:792,0.018656716,#f7fcf5
23S:793,6.75,#00441b
23S:794,0.66791046,#e9f7e5
23S:795,4.2462687,#3fa95c
23S:796,2.085821,#b5e1ae
23S:797,1.1567165,#dbf1d5
23S:798,5.94403,#006b2b
23S:799,6.75,#00441b
23S:800,-0.26865673,#f0eef5
23S:801,2.3619404,#a9dca3
23S:802,4.227612,#40aa5d
23S:803,2.5,#a3da9d
23S:804,5.75,#067230
23S:805,6.2462687,#005c25
23S:806,6.75,#00441b
23S:807,6.25,#005b25
23S:808,4.9141793,#289049
23S:809,6.75,#00441b
23S:810,6.75,#00441b
23S:811,6.2126865,#005e26
23S:812,6.75,#00441b
23S:813,-2.25,#3f007d
23S:814,2.25,#aedea7
23S:815,1.2835821,#d6efd0
23S:816,3.4514925,#70c274
23S:817,6.75,#00441b
23S:818,6.25,#005b25
23S:819,6.75,#00441b
23S:820,6,#00682a
23S:821,4.25,#3fa95c
23S:822,-0.26119402,#f0eef6
23S:823,-0.07835821,#f9f7fb
23S:824,1.2276119,#d8f0d2
23S:825,-0.6455224,#d1d2e7
23S:826,4.25,#3fa95c
23S:827,-1.8731344,#5b3495
23S:828,0.04477612,#f6fcf4
23S:829,0.16791044,#f4fbf1
23S:830,-2.1156716,#491285
23S:831,6.642537,#00491d
23S:832,-0.46679103,#e1e0ee
23S:833,1.1208955,#dbf1d6
23S:834,0,#f7fcf5
23S:835,-0.26119402,#f0eef6
23S:836,2.186567,#b1e0ab
23S:837,6.5,#005020
23S:838,3.3283582,#76c578
23S:839,4.033582,#4db163
23S:840,1.3843284,#d2edcc
23S:841,0.36567163,#f0f9ec
23S:842,-0.78731346,#c2c3df
23S:843,-1.4514925,#7c75b6
23S:844,-0.18283582,#f4f2f8
23S:845,1.8544776,#c0e6b9
23S:846,0,#f7fcf5
23S:847,-0.9029851,#b6b6d8
23S:848,0.70149255,#e8f6e4
23S:849,1.141791,#dbf1d5
23S:850,-1.1641791,#9a96c6
23S:851,0.3955224,#eff9eb
23S:852,0.007462686,#f7fcf5
23S:853,-0.43656716,#e4e3f0
23S:854,-0.7238806,#c9c9e2
23S:855,-2.0261195,#4f1f8b
23S:856,5.7537313,#067230
23S:857,2.8619404,#90d18d
23S:858,5.2686567,#1a843f
23S:859,6.75,#00441b
23S:860,6.75,#00441b
23S:861,6.75,#00441b
23S:862,5.675373,#097532
23S:863,6.369403,#005622
23S:864,6.75,#00441b
23S:865,5.391791,#157f3b
23S:866,6.6156716,#004a1e
23S:867,6.75,#00441b
23S:868,3.3880596,#73c476
23S:869,5.623134,#0b7734
23S:870,0.70522386,#e8f6e4
23S:871,2.7201493,#97d492
23S:872,3.436567,#70c274
23S:873,2.0149255,#b8e3b2
23S:874,4.955224,#278f48
23S:875,1.4589552,#cfecc9
23S:876,-1.2873135,#8d89c0
23S:877,0.17537314,#f4fbf1
23S:878,-1.0186567,#aaa8d0
23S:879,-1.7014925,#694fa2
23S:880,-1.4179105,#7f7bb9
23S:881,5.5,#117b38
23S:882,3.1701493,#7fc97f
23S:883,1.8470149,#c0e6b9
23S:884,-0.17462687,#f4f3f8
23S:885,0,#f7fcf5
23S:886,-0.3432836,#eae9f3
23S:887,0.48134327,#edf8e9
23S:888,0,#f7fcf5
23S:889,-0.6231343,#d4d4e8
23S:890,0.5074627,#ecf8e8
23S:891,0,#f7fcf5
23S:892,-0.33992538,#ebe9f3
23S:893,1.2462686,#d7efd1
23S:894,0,#f7fcf5
23S:895,1.75,#c4e8bd
23S:896,0,#f7fcf5
23S:897,4.197761,#42ab5d
23S:898,-2,#51228d
23S:899,-0.7910448,#c1c2df
23S:900,-1.1436567,#9c98c7
23S:901,-0.09701493,#f8f6fa
23S:902,0.8097015,#e6f5e1
23S:903,3.5261195,#6bc072
23S:904,0.8171642,#e6f5e1
23S:905,0.1119403,#f5fbf2
23S:906,1.4253731,#d0edca
23S:907,0.03358209,#f6fcf4
23S:908,4.7686567,#2e964d
23S:909,5.276119,#19833e
23S:910,6.75,#00441b
23S:911,6.75,#00441b
23S:912,6.75,#00441b
23S:913,6.369403,#005622
23S:914,5.94403,#006b2b
23S:915,5.675373,#097532
23S:916,3.5,#6dc072
23S:917,6.75,#00441b
23S:918,6.75,#00441b
23S:919,-1.5223881,#776ab0
23S:920,-2,#51228d
23S:921,3.8208954,#5ab769
23S:922,-0.91791046,#b4b4d7
23S:923,-0.7839552,#c2c3df
23S:924,-0.38059703,#e8e6f2
23S:925,-0.35820895,#eae8f2
23S:926,-0.014925373,#fcfbfd
23S:927,0,#f7fcf5
23S:928,-0.7238806,#c9c9e2
23S:929,-1.3022388,#8b87bf
23S:930,-1.238806,#928fc3
23S:931,0,#f7fcf5
23S:932,0,#f7fcf5
23S:933,-1.5522388,#7566ae
23S:934,-0.25,#f1eff6
23S:935,-1.4626865,#7b74b5
23S:936,-0.57462686,#d9d9ea
23S:937,0.38059703,#eff9ec
23S:938,2.2947762,#abdda5
23S:939,5.6156716,#0c7735
23S:940,3.3283582,#76c578
23S:941,6.05,#006529
23S:942,5.275,#19833e
23S:943,1.8268657,#c1e6ba
23S:944,2.0332088,#b7e2b1
23S:945,-0.5,#dfdfed
23S:946,4.149254,#45ad5f
23S:947,-1.3208956,#8986be
23S:948,-1.1761194,#9995c6
23S:949,0.02238806,#f7fcf5
23S:950,-1.0149254,#aaa8d0
23S:951,-0.57835823,#d9d9ea
23S:952,-1.011194,#aaa8d0
23S:953,4.1343284,#46ae60
23S:954,6.75,#00441b
23S:955,-0.018656716,#fbfafc
23S:956,5.75,#067230
23S:957,0,#f7fcf5
23S:958,6.6156716,#004a1e
23S:959,6.75,#00441b
23S:960,6.75,#00441b
23S:961,2.7738805,#94d390
23S:962,0.17910448,#f4fbf1
23S:963,2,#bae3b3
23S:964,0,#f7fcf5
23S:965,-0.77238804,#c4c5e0
23S:966,-0.47014925,#e1e0ee
23S:967,-1.0932835,#a19eca
23S:968,-0.15671642,#f5f4f9
23S:969,0.14179105,#f4fbf2
23S:970,-1.4664179,#7b74b5
23S:971,3.966418,#50b264
23S:972,2.7201493,#97d492
23S:973,2.5,#a3da9d
23S:974,2.641791,#9bd696
23S:975,6.6156716,#004a1e
23S:976,5.5,#117b38
23S:977,6.25,#005b25
23S:978,6.2126865,#005e26
23S:979,1.9328358,#bce4b5
23S:980,3.414179,#72c375
23S:981,6.6156716,#004a1e
23S:982,5.6156716,#0c7735
23S:983,6.75,#00441b
23S:984,2.6902986,#98d594
23S:985,6.347015,#005723
23S:986,6.123134,#006227
23S:987,5.3955226,#157f3b
23S:988,4.9925375,#258d47
23S:989,6.108209,#006328
23S:990,5.630597,#0b7734
23S:991,4.175373,#43ac5e
23S:992,4.641791,#319a50
23S:993,0.70522386,#e8f6e4
23S:994,-1.511194,#786db2
23S:995,0,#f7fcf5
23S:996,-1.0410448,#a7a4ce
23S:997,5.0858207,#228a44
23S:998,-1.8470149,#5d3897
23S:999,6.75,#00441b
23S:1000,6.75,#00441b
23S:1001,6.75,#00441b
23S:1002,5.75,#067230
23S:1003,6.75,#00441b
23S:1004,2.141791,#b2e0ac
23S:1005,6.75,#00441b
23S:1006,6.5,#005020
23S:1007,6.75,#00441b
23S:1008,0.37686568,#eff9ec
23S:1009,5.75,#067230
23S:1010,6.75,#00441b
23S:1011,2.3283582,#aadda4
23S:1012,4.8134327,#2c944c
23S:1013,-0.3835821,#e8e6f2
23S:1014,-0.4335821,#e4e3f0
23S:1015,-0.75373137,#c6c7e1
23S:1016,1.1865672,#d9f0d3
23S:1017,2.866418,#90d18d
23S:1018,2.84403,#91d28e
23S:1019,6.669403,#00481d
23S:1020,4.9902983,#258d47
23S:1021,6.75,#00441b
23S:1022,6.75,#00441b
23S:1023,6.75,#00441b
23S:1024,5.7574625,#067230
23S:1025,-1.7873135,#62429c
23S:1026,-0.2727612,#efedf5
23S:1027,1.325,#d4eece
23S:1028,6.75,#00441b
23S:1029,6.75,#00441b
23S:1030,2.0410447,#b7e2b1
23S:1031,5.279851,#19833e
23S:1032,-1.2201493,#9490c3
23S:1033,-0.52238804,#ddddec
23S:1034,6.75,#00441b
23S:1035,6.75,#00441b
23S:1036,-1.8544776,#5d3897
23S:1037,-1.9067165,#593093
23S:1038,-1.3059702,#8b87bf
23S:1039,0.23507462,#f2faf0
23S:1040,-0.048507463,#faf9fc
23S:1041,0.6119403,#eaf7e6
23S:1042,-1.1828358,#9894c5
23S:1043,6.6156716,#004a1e
23S:1044,0.18283582,#f4fbf1
23S:1045,0.5261194,#ecf8e8
23S:1046,5.8097014,#03702e
23S:1047,4.197761,#42ab5d
23S:1048,6.75,#00441b
23S:1049,6.75,#00441b
23S:1050,6.5,#005020
23S:1051,2.2313433,#afdfa8
23S:1052,5.4402986,#137d39
23S:1053,-0.5261194,#ddddec
23S:1054,-1.7126865,#684da1
23S:1055,6.75,#00441b
23S:1056,3.6156716,#65bd6f
23S:1057,6,#00682a
23S:1058,2.0522387,#b7e2b1
23S:1059,6.6156716,#004a1e
23S:1060,6.75,#00441b
23S:1061,-0.25,#f1eff6
23S:1062,2.5074627,#a2d99c
23S:1063,6.75,#00441b
23S:1064,6.5,#005020
23S:1065,3.891791,#55b567
23S:1066,4.8358207,#2b934b
23S:1067,6.078358,#006428
23S:1068,5.5,#117b38
23S:1069,4.25,#3fa95c
23S:1070,6.6156716,#004a1e
23S:1071,6.75,#00441b
23S:1072,6.5,#005020
23S:1073,6.5,#005020
23S:1074,6.5,#005020
23S:1075,6.75,#00441b
23S:1076,2.641791,#9bd696
23S:1077,6.75,#00441b
23S:1078,2.261194,#aedea7
23S:1079,6.75,#00441b
23S:1080,2.2798507,#acdea6
23S:1081,6,#00682a
23S:1082,2.5,#a3da9d
23S:1083,3.8059702,#5ab769
23S:1084,6.75,#00441b
23S:1085,6.75,#00441b
23S:1086,2.25,#aedea7
23S:1087,3.4552238,#6ec173
23S:1088,6.75,#00441b
23S:1089,2.063433,#b6e2af
23S:1090,1.9589552,#bbe4b4
23S:1091,6.25,#005b25
23S:1092,6.5,#005020
23S:1093,6.6156716,#004a1e
23S:1094,6.5,#005020
23S:1095,6.75,#00441b
23S:1096,6.75,#00441b
23S:1097,0.6641791,#e9f7e5
23S:1098,6.75,#00441b
23S:1099,6.5,#005020
23S:1100,6.25,#005b25
23S:1101,6,#00682a
23S:1102,3.4552238,#6ec173
23S:1103,6.75,#00441b
23S:1104,6.75,#00441b
23S:1105,-1.2723881,#8e8bc1
23S:1106,-0.55597013,#dadaeb
23S:1107,5.4402986,#137d39
23S:1108,1.761194,#c4e8bd
23S:1109,6.373134,#005622
23S:1110,3.033582,#86cc85
23S:1111,6.75,#00441b
23S:1112,6.6156716,#004a1e
23S:1113,-1.1044776,#a09dca
23S:1114,-0.9141791,#b4b4d7
23S:1115,-0.5850746,#d8d8ea
23S:1116,0.25373134,#f2faef
23S:1117,-1.358209,#8582bc
23S:1118,-1.9067165,#593093
23S:1119,-1.4514925,#7c75b6
23S:1120,6.75,#00441b
23S:1121,6.75,#00441b
23S:1122,0.1716418,#f4fbf1
23S:1123,4.761194,#2e964d
23S:1124,1.8208956,#c1e6ba
23S:1125,4.7910447,#2d954d
23S:1126,6.123134,#006227
23S:1127,4.7350745,#2f974e
23S:1128,2.4850745,#a3da9d
23S:1129,6.75,#00441b
23S:1130,6.25,#005b25
23S:1131,0,#f7fcf5
23S:1132,-0.78656715,#c2c3df
23S:1133,-0.30037314,#eeecf4
23S:1134,1.9813433,#bae3b3
23S:1135,5.630597,#0b7734
23S:1136,6.6,#004a1e
23S:1137,6.5,#005020
23S:1138,6.75,#00441b
23S:1139,4.55597,#359e53
23S:1140,5.5276117,#107a37
23S:1141,6.25,#005b25
23S:1142,6.75,#00441b
23S:1143,6.75,#00441b
23S:1144,3.0268657,#87cd86
23S:1145,2.7156715,#98d594
23S:1146,0.79850745,#e6f5e1
23S:1147,-0.6977612,#cccce4
23S:1148,-0.61567163,#d4d4e8
23S:1149,-0.67164177,#cecfe5
23S:1150,2.3022387,#abdda5
23S:1151,2.141791,#b2e0ac
23S:1152,6.75,#00441b
23S:1153,5.75,#067230
23S:1154,6.75,#00441b
23S:1155,6.75,#00441b
23S:1156,-2.0037313,#51228d
23S:1157,-1.8470149,#5d3897
23S:1158,5.216418,#1d8640
23S:1159,-1.3097014,#8a86bf
23S:1160,-1.630597,#6e5aa8
23S:1161,0.74626863,#e7f6e3
23S:1162,4.720149,#2f974e
23S:1163,4.9141793,#289049
23S:1164,0.9358209,#e2f4dd
23S:1165,-1.9052238,#593093
23S:1166,-0.51679105,#dedded
23S:1167,-1.0268657,#a9a7cf
23S:1168,-0.7955224,#c1c2df
23S:1169,-0.2347015,#f1f0f6
23S:1170,-0.4675373,#e1e0ee
23S:1171,0,#f7fcf5
23S:1172,0.7302239,#e8f6e3
23S:1173,0,#f7fcf5
23S:1174,0,#f7fcf5
23S:1175,0,#f7fcf5
23S:1176,0,#f7fcf5
23S:1177,0.33731344,#f0f9ed
23S:1178,-0.3988806,#e6e5f1
23S:1179,0.3313433,#f0f9ed
23S:1180,0,#f7fcf5
23S:1181,-0.59850746,#d6d6e9
23S:1182,1.1492537,#dbf1d5
23S:1183,-0.469403,#e1e0ee
23S:1184,-0.6738806,#cecfe5
23S:1185,0.7936567,#e6f5e1
23S:1186,2.925373,#8dd08a
23S:1187,6.6156716,#004a1e
23S:1188,6.75,#00441b
23S:1189,6.75,#00441b
23S:1190,6.75,#00441b
23S:1191,3.4514925,#70c274
23S:1192,1.5022388,#ceecc8
23S:1193,2.25,#aedea7
23S:1194,-2.25,#3f007d
23S:1195,6.75,#00441b
23S:1196,6.75,#00441b
23S:1197,5.205224,#1d8640
23S:1198,4.1902986,#43ac5e
23S:1199,0.7425373,#e7f6e3
23S:1200,3.011194,#87cd86
23S:1201,1.4552239,#cfecc9
23S:1202,3.488806,#6dc072
23S:1203,0.5895522,#ebf7e7
23S:1204,-0.6865672,#cdcde4
23S:1205,0,#f7fcf5
23S:1206,1.1268656,#dbf1d6
23S:1207,-0.10074627,#f8f6fa
23S:1208,0.2947761,#f1faee
23S:1209,1.4552239,#cfecc9
23S:1210,-1.2462686,#918ec2
23S:1211,-0.7835821,#c2c3df
23S:1212,6.2425375,#005c25
23S:1213,6.6156716,#004a1e
23S:1214,6.373134,#005622
23S:1215,6.5,#005020
23S:1216,0.6567164,#e9f7e5
23S:1217,0.29850745,#f1faee
23S:1218,1.6268656,#caeac3
23S:1219,0.20111941,#f3faf0
23S:1220,-0.13432837,#f6f4f9
23S:1221,0.76492536,#e7f6e2
23S:1222,1.3813432,#d2edcc
23S:1223,6.6156716,#004a1e
23S:1224,1.8768656,#bee5b8
23S:1225,2.2089553,#b0dfaa
23S:1226,6.75,#00441b
23S:1227,2.3843284,#a8dca2
23S:1228,1.5932835,#cbeac4
23S:1229,-0.51865673,#ddddec
23S:1230,0.24626866,#f2faef
23S:1231,-0.3283582,#eceaf3
23S:1232,0.5970149,#ebf7e7
23S:1233,1.0485075,#def2d9
23S:1234,6.75,#00441b
23S:1235,6.75,#00441b
23S:1236,6.6156716,#004a1e
23S:1237,6.6156716,#004a1e
23S:1238,0.41791046,#eff9eb
23S:1239,-0.50373137,#dedeed
23S:1240,-0.37313432,#e8e7f2
23S:1241,-0.48880598,#e0dfee
23S:1242,-0.029850746,#fbfafc
23S:1243,2.4701493,#a4da9e
23S:1244,1.4776119,#ceecc8
23S:1245,3.3619404,#75c477
23S:1246,0.14179105,#f4fbf2
23S:1247,4.1902986,#43ac5e
23S:1248,-0.24626866,#f1eff6
23S:1249,1.7201493,#c6e8bf
23S:1250,6.75,#00441b
23S:1251,2.130597,#b4e1ad
23S:1252,1.5932835,#cbeac4
23S:1253,2.1343284,#b4e1ad
23S:1254,6.75,#00441b
23S:1255,6.75,#00441b
23S:1256,-2.130597,#481084
23S:1257,4.380597,#3ba458
23S:1258,1.5037314,#cdecc7
23S:1259,6.5,#005020
23S:1260,1.9365672,#bce4b5
23S:1261,2.5410447,#a0d99b
23S:1262,1.1865672,#d9f0d3
23S:1263,-1.5,#796eb2
23S:1264,-1.5485075,#7566ae
23S:1265,6.75,#00441b
23S:1266,6.75,#00441b
23S:1267,6.75,#00441b
23S:1268,6.75,#00441b
23S:1269,2.7350745,#97d492
23S:1270,5,#258d47
23S:1271,-2.25,#3f007d
23S:1272,-2.1962686,#430780
23S:1273,-0.8708955,#b9b9da
23S:1274,1.9104477,#bde5b6
23S:1275,5.4761195,#127c39
23S:1276,-0.38059703,#e8e6f2
23S:1277,-0.7201493,#cacae3
23S:1278,0.19402985,#f3faf0
23S:1279,2.9552238,#8ace88
23S:1280,3.7313433,#5eb96b
23S:1281,6.75,#00441b
23S:1282,6.347015,#005723
23S:1283,6.5,#005020
23S:1284,5.1455226,#1f8742
23S:1285,3.3283582,#76c578
23S:1286,6.6156716,#004a1e
23S:1287,4.6567163,#319a50
23S:1288,0.7835821,#e7f6e2
23S:1289,6.75,#00441b
23S:1290,3.5895522,#66bd6f
23S:1291,2.574627,#9fd899
23S:1292,0.20522387,#f3faf0
23S:1293,-0.66791046,#cfd0e6
23S:1294,-0.13432837,#f6f4f9
23S:1295,5.1380596,#208843
23S:1296,3.9291046,#52b365
23S:1297,6.75,#00441b
23S:1298,6.6156716,#004a1e
23S:1299,5.3843284,#157f3b
23S:1300,1.3246269,#d4eece
23S:1301,6.078358,#006428
23S:1302,1.2798507,#d6efd0
23S:1303,4.3320894,#3da65a
23S:1304,-1.6567165,#6c55a5
23S:1305,-1.8619403,#5c3797
23S:1306,3.2947762,#79c67a
23S:1307,1.9813433,#bae3b3
23S:1308,6.75,#00441b
23S:1309,6.5,#005020
23S:1310,6.75,#00441b
23S:1311,2.216418,#afdfa8
23S:1312,6.75,#00441b
23S:1313,6.6156716,#004a1e
23S:1314,5.30597,#18823d
23S:1315,6.75,#00441b
23S:1316,2.8656716,#90d18d
23S:1317,-1.511194,#786db2
23S:1318,-0.27985075,#efedf5
23S:1319,4.152985,#45ad5f
23S:1320,2.7649255,#95d391
23S:1321,5.0440297,#238b45
23S:1322,5.6455226,#0a7633
23S:1323,-1.141791,#9d99c7
23S:1324,6.25,#005b25
23S:1325,1.0335821,#def2d9
23S:1326,5.526119,#107a37
23S:1327,1.4291044,#d0edca
23S:1328,1.3507463,#d3eecd
23S:1329,6.75,#00441b
23S:1330,6.25,#005b25
23S:1331,-1.4123135,#807cba
23S:1332,4.861194,#2a924a
23S:1333,4.149254,#45ad5f
23S:1334,-0.38432837,#e8e6f2
23S:1335,-1.4813433,#7a71b4
23S:1336,2.8656716,#90d18d
23S:1337,6.75,#00441b
23S:1338,5.30597,#18823d
23S:1339,6.75,#00441b
23S:1340,6.6156716,#004a1e
23S:1341,1.6231344,#caeac3
23S:1342,6.75,#00441b
23S:1343,6.5,#005020
23S:1344,2.141791,#b2e0ac
23S:1345,6.75,#00441b
23S:1346,6.347015,#005723
23S:1347,4.9141793,#289049
23S:1348,0,#f7fcf5
23S:1349,-0.8955224,#b7b7d9
23S:1350,6.75,#00441b
23S:1351,6.6156716,#004a1e
23S:1352,6.6156716,#004a1e
23S:1353,6.6156716,#004a1e
23S:1354,6.6156716,#004a1e
23S:1355,4.75,#2e964d
23S:1356,1.2313433,#d8f0d2
23S:1357,2.5522387,#a0d99b
23S:1358,2.4179103,#a7dba0
23S:1359,-0.71268654,#cacae3
23S:1360,1.6455224,#c9eac2
23S:1361,-0.36044776,#e9e8f2
23S:1362,4.694776,#2f984f
23S:1363,-0.5097015,#dedeed
23S:1364,-2.1156716,#491285
23S:1365,6.3873134,#005522
23S:1366,-1.2563432,#908dc2
23S:1367,0,#f7fcf5
23S:1368,-0.5257463,#ddddec
23S:1369,4.6455226,#319a50
23S:1370,-1.119403,#9e9bc8
23S:1371,-0.75,#c6c7e1
23S:1372,-0.70522386,#cbcbe3
23S:1373,-1.2313433,#928fc3
23S:1374,3.4104478,#72c375
23S:1375,0.34701493,#f0f9ec
23S:1376,3.6268656,#65bd6f
23S:1377,4.697015,#2f984f
23S:1378,6.75,#00441b
23S:1379,-1.988806,#52238d
23S:1380,6.75,#00441b
23S:1381,6.75,#00441b
23S:1382,2.7201493,#97d492
23S:1383,3.261194,#7ac77b
23S:1384,6.5,#005020
23S:1385,3.1044776,#83cb82
23S:1386,4.824627,#2c944c
23S:1387,0.42537314,#eef8ea
23S:1388,5.8097014,#03702e
23S:1389,6.347015,#005723
23S:1390,6.75,#00441b
23S:1391,4.466418,#38a156
23S:1392,4.108209,#48ae60
23S:1393,6.6156716,#004a1e
23S:1394,5.4104476,#147e3a
23S:1395,6.75,#00441b
23S:1396,6.2425375,#005c25
23S:1397,6.75,#00441b
23S:1398,6.347015,#005723
23S:1399,5.8097014,#03702e
23S:1400,0.42537314,#eef8ea
23S:1401,4.824627,#2c944c
23S:1402,3.1044776,#83cb82
23S:1403,2.141791,#b2e0ac
23S:1404,6.75,#00441b
23S:1405,3.0895522,#83cb82
23S:1406,0.33955225,#f0f9ed
23S:1407,-0.09328358,#f8f7fa
23S:1408,0.20522387,#f3faf0
23S:1409,0.003731343,#f7fcf5
23S:1410,0.40298507,#eff9eb
23S:1411,-0.45037314,#e2e2ef
23S:1412,0,#f7fcf5
23S:1413,0,#f7fcf5
23S:1414,0,#f7fcf5
23S:1415,0.7697761,#e7f6e2
23S:1416,-0.7757463,#c3c4e0
23S:1417,-0.09365672,#f8f7fa
23S:1418,0.8608209,#e5f5e0
23S:1419,0,#f7fcf5
23S:1420,-0.46604478,#e1e0ee
23S:1421,0,#f7fcf5
23S:1422,-0.0858209,#f8f7fb
23S:1423,-1.4850746,#7a71b4
23S:1424,-2,#51228d
23S:1425,0,#f7fcf5
23S:1426,6.130597,#006227
23S:1427,6.6156716,#004a1e
23S:1428,6.3,#005a24
23S:1429,6.2462687,#005c25
23S:1430,0.7910448,#e6f5e1
23S:1431,-1.1343284,#9d99c7
23S:1432,0.21641791,#f2faf0
23S:1433,-0.76119405,#c5c6e1
23S:1434,-0.37313432,#e8e7f2
23S:1435,2.8768656,#8ed08b
23S:1436,2.6007462,#9ed798
23S:1437,0.14179105,#f4fbf2
23S:1438,-0.9664179,#afaed4
23S:1439,-1.5843284,#7261ab
23S:1440,2.3768656,#a8dca2
23S:1441,0.13059701,#f5fbf2
23S:1442,0.31716418,#f0f9ed
23S:1443,0.23507462,#f2faf0
23S:1444,0.9141791,#e3f4de
23S:1445,0.68358207,#e9f7e5
23S:1446,3.238806,#7cc87c
23S:1447,-0.77238804,#c4c5e0
23S:1448,2.0597014,#b6e2af
23S:1449,1.7462686,#c4e8bd
23S:1450,1.3059702,#d5efcf
23S:1451,1.3929105,#d2edcc
23S:1452,0,#f7fcf5
23S:1453,0,#f7fcf5
23S:1454,0.95149255,#e1f3dc
23S:1455,1.9664179,#bbe4b4
23S:1456,-1.2238806,#9390c3
23S:1457,-1.7425373,#65489f
23S:1458,0,#f7fcf5
23S:1459,1.3421642,#d4eece
23S:1460,0,#f7fcf5
23S:1461,0.6380597,#e9f7e5
23S:1462,1.5932835,#cbeac4
23S:1463,0.92164177,#e3f4de
23S:1464,-0.007462686,#fcfbfd
23S:1465,3.2126865,#7dc87e
23S:1466,1.7723881,#c3e7bc
23S:1467,0.32537314,#f0f9ed
23S:1468,0.5171642,#ecf8e8
23S:1469,3.9391792,#52b365
23S:1470,3.6462686,#63bc6e
23S:1471,0,#f7fcf5
23S:1472,0,#f7fcf5
23S:1473,-0.8988806,#b6b6d8
23S:1474,0,#f7fcf5
23S:1475,0,#f7fcf5
23S:1476,0,#f7fcf5
23S:1477,-1.0902985,#a19eca
23S:1478,-1.7664179,#64459e
23S:1479,0,#f7fcf5
23S:1480,0,#f7fcf5
23S:1481,-0.37910447,#e8e6f2
23S:1482,0,#f7fcf5
23S:1483,-1.1414179,#9d99c7
23S:1484,0,#f7fcf5
23S:1485,0,#f7fcf5
23S:1486,0,#f7fcf5
23S:1487,0,#f7fcf5
23S:1488,0,#f7fcf5
23S:1489,-1.1850746,#9894c5
23S:1490,0,#f7fcf5
23S:1491,-1.7585821,#64459e
23S:1492,-1.7317164,#66499f
23S:1493,-1.6597015,#6c55a5
23S:1494,-1.7675374,#63449d
23S:1495,4.149254,#45ad5f
23S:1496,5.258955,#1a843f
23S:1497,3.7679105,#5db96b
23S:1498,-1.6985074,#694fa2
23S:1499,-1.7731344,#63449d
23S:1500,-1.3641791,#8481bc
23S:1501,0,#f7fcf5
23S:1502,-0.5171642,#dedded
23S:1503,0,#f7fcf5
23S:1504,0,#f7fcf5
23S:1505,-1.0813433,#a29fcb
23S:1506,0.21305971,#f2faf0
23S:1507,-0.40522388,#e6e5f1
23S:1508,0,#f7fcf5
23S:1509,-0.9171642,#b4b4d7
23S:1510,1.0604478,#ddf2d8
23S:1511,0.37537313,#eff9ec
23S:1512,1.9895523,#bae3b3
23S:1513,-0.95485073,#b0afd4
23S:1514,0,#f7fcf5
23S:1515,4.372388,#3ca559
23S:1516,1.0014925,#e0f3db
23S:1517,0.6253731,#eaf7e6
23S:1518,0.4641791,#edf8ea
23S:1519,1.8302239,#c1e6ba
23S:1520,0.9160448,#e3f4de
23S:1521,-0.7544776,#c6c7e1
23S:1522,1.2660447,#d6efd0
23S:1523,0.4910448,#edf8e9
23S:1524,0.76343286,#e7f6e3
23S:1525,0.7455224,#e7f6e3
23S:1526,1.4402986,#d0edca
23S:1527,0,#f7fcf5
23S:1528,0,#f7fcf5
23S:1529,0,#f7fcf5
23S:1530,0,#f7fcf5
23S:1531,0,#f7fcf5
23S:1532,0,#f7fcf5
23S:1533,0.5205224,#ecf8e8
23S:1534,0,#f7fcf5
23S:1535,0,#f7fcf5
23S:1536,0,#f7fcf5
23S:1537,0,#f7fcf5
23S:1538,0.4772388,#edf8e9
23S:1539,0,#f7fcf5
23S:1540,0.20783582,#f3faf0
23S:1541,0.34813434,#f0f9ec
23S:1542,0,#f7fcf5
23S:1543,0.9708955,#e1f3dc
23S:1544,0,#f7fcf5
23S:1545,-1.0123135,#aaa8d0
23S:1546,-1.1156716,#9f9cc9
23S:1547,0.5481343,#ecf8e8
23S:1548,0.25373134,#f2faef
23S:1549,0.3619403,#f0f9ec
23S:1550,0.53731346,#ecf8e8
23S:1551,0.18656716,#f3faf0
23S:1552,1.6888059,#c7e9c0
23S:1553,0,#f7fcf5
23S:1554,-0.3324627,#eceaf3
23S:1555,-0.33582088,#ebe9f3
23S:1556,0.8208955,#e5f5e1
23S:1557,3.1567163,#80ca80
23S:1558,0,#f7fcf5
23S:1559,0.6977612,#e8f6e4
23S:1560,2.7462687,#95d391
23S:1561,0.6268657,#eaf7e6
23S:1562,-1.1231344,#9e9bc8
23S:1563,0.35820895,#f0f9ec
23S:1564,4.473881,#38a156
23S:1565,6.75,#00441b
23S:1566,0.5708955,#ebf7e7
23S:1567,-2.25,#3f007d
23S:1568,6.347015,#005723
23S:1569,5.847015,#026f2e
23S:1570,6.5,#005020
23S:1571,6.75,#00441b
23S:1572,6.75,#00441b
23S:1573,0,#f7fcf5
23S:1574,-1.8470149,#5d3897
23S:1575,-1.3955224,#817ebb
23S:1576,-0.94402987,#b1b1d5
23S:1577,-0.9925373,#adabd2
23S:1578,-1.2761194,#8e8ac0
23S:1579,-0.86007464,#bbbbdb
23S:1580,0,#f7fcf5
23S:1581,0.7302239,#e8f6e3
23S:1582,0,#f7fcf5
23S:1583,0,#f7fcf5
23S:1584,0,#f7fcf5
23S:1585,0,#f7fcf5
23S:1586,0,#f7fcf5
23S:1587,1.1783582,#daf0d4
23S:1588,0,#f7fcf5
23S:1589,0.5123134,#ecf8e8
23S:1590,0,#f7fcf5
23S:1591,0,#f7fcf5
23S:1592,-0.11940298,#f7f5fa
23S:1593,-0.5261194,#ddddec
23S:1594,-0.03358209,#fbfafc
23S:1595,0.06716418,#f6fcf4
23S:1596,0.1380597,#f4fbf2
23S:1597,3.0895522,#83cb82
23S:1598,0.17537314,#f4fbf1
23S:1599,4.8097014,#2c944c
23S:1600,6.347015,#005723
23S:1601,6.75,#00441b
23S:1602,6.75,#00441b
23S:1603,6.6156716,#004a1e
23S:1604,6.75,#00441b
23S:1605,6.2126865,#005e26
23S:1606,1.3985075,#d1edcb
23S:1607,-1.9679104,#54278f
23S:1608,-2.25,#3f007d
23S:1609,6.75,#00441b
23S:1610,4.25,#3fa95c
23S:1611,6.75,#00441b
23S:1612,4.9365673,#278f48
23S:1613,6.373134,#005622
23S:1614,6.5,#005020
23S:1615,6.5,#005020
23S:1616,5.7425375,#077331
23S:1617,6.75,#00441b
23S:1618,4.5895524,#339c52
23S:1619,6.4813433,#005120
23S:1620,6.75,#00441b
23S:1621,6.75,#00441b
23S:1622,3.8529851,#56b567
23S:1623,-1.6156716,#705ca9
23S:1624,-2.1156716,#491285
23S:1625,3.3190298,#78c679
23S:1626,-1.3843284,#827fbb
23S:1627,2.5783582,#9fd899
23S:1628,6.5,#005020
23S:1629,-1.1007463,#a09dca
23S:1630,0.6641791,#e9f7e5
23S:1631,5.7537313,#067230
23S:1632,5.75,#067230
23S:1633,4.227612,#40aa5d
23S:1634,2.063433,#b6e2af
23S:1635,6.2126865,#005e26
23S:1636,-1.4440298,#7d77b7
23S:1637,-1.1007463,#a09dca
23S:1638,6.25,#005b25
23S:1639,1.9365672,#bce4b5
23S:1640,3.9440298,#52b365
23S:1641,6.5,#005020
23S:1642,6.6156716,#004a1e
23S:1643,6.75,#00441b
23S:1644,3.9291046,#52b365
23S:1645,5.1380596,#208843
23S:1646,-0.56679106,#dadaeb
23S:1647,3.2126865,#7dc87e
23S:1648,1.0074627,#dff3da
23S:1649,6.130597,#006227
23S:1650,-1.0410448,#a7a4ce
23S:1651,3.6455224,#63bc6e
23S:1652,-0.26119402,#f0eef6
23S:1653,-0.50895524,#dedeed
23S:1654,6.5,#005020
23S:1655,4.824627,#2c944c
23S:1656,2.3059702,#abdda5
23S:1657,0.75,#e7f6e3
23S:1658,1.5,#ceecc8
23S:1659,-0.61567163,#d4d4e8
23S:1660,2.869403,#90d18d
23S:1661,1.6716418,#c8e9c1
23S:1662,1.6529851,#c9eac2
23S:1663,0.07835821,#f6fcf4
23S:1664,6.75,#00441b
23S:1665,-2.25,#3f007d
23S:1666,6.75,#00441b
23S:1667,6.75,#00441b
23S:1668,6.75,#00441b
23S:1669,6.75,#00441b
23S:1670,2,#bae3b3
23S:1671,6.75,#00441b
23S:1672,4.3320894,#3da65a
23S:1673,5.94403,#006b2b
23S:1674,6.75,#00441b
23S:1675,6.75,#00441b
23S:1676,6.5,#005020
23S:1677,6.75,#00441b
23S:1678,4.272388,#3fa85b
23S:1679,1.2947761,#d5efcf
23S:1680,6.4947762,#005020
23S:1681,2.0955224,#b5e1ae
23S:1682,1.3768656,#d2edcc
23S:1683,3.033582,#86cc85
23S:1684,1.7462686,#c4e8bd
23S:1685,5.5895524,#0d7836
23S:1686,5.652985,#0a7633
23S:1687,6.75,#00441b
23S:1688,6.75,#00441b
23S:1689,6.6156716,#004a1e
23S:1690,4.2537313,#3fa95c
23S:1691,5.6641793,#0a7633
23S:1692,6.6156716,#004a1e
23S:1693,6.75,#00441b
23S:1694,4.828358,#2b934b
23S:1695,6.75,#00441b
23S:1696,5.6641793,#0a7633
23S:1697,3.347015,#76c578
23S:1698,6.6156716,#004a1e
23S:1699,2.880597,#8ed08b
23S:1700,6.75,#00441b
23S:1701,6.5,#005020
23S:1702,6.119403,#006227
23S:1703,5.5895524,#0d7836
23S:1704,1.6902986,#c7e9c0
23S:1705,3.033582,#86cc85
23S:1706,1.7313433,#c6e8bf
23S:1707,4.466418,#38a156
23S:1708,6.435821,#005221
23S:1709,4.3320894,#3da65a
23S:1710,0.22761194,#f2faf0
23S:1711,-0.6567164,#d0d1e6
23S:1712,1.4895523,#ceecc8
23S:1713,0.37686568,#eff9ec
23S:1714,-0.30597016,#eeecf4
23S:1715,0,#f7fcf5
23S:1716,0,#f7fcf5
23S:1717,0,#f7fcf5
23S:1718,0.6630597,#e9f7e5
23S:1719,0.42014927,#eff9eb
23S:1720,0.96119404,#e1f3dc
23S:1721,0,#f7fcf5
23S:1722,0,#f7fcf5
23S:1723,0,#f7fcf5
23S:1724,0,#f7fcf5
23S:1725,0,#f7fcf5
23S:1726,0,#f7fcf5
23S:1727,0,#f7fcf5
23S:1728,0,#f7fcf5
23S:1729,0,#f7fcf5
23S:1730,0,#f7fcf5
23S:1731,0,#f7fcf5
23S:1732,0,#f7fcf5
23S:1733,0,#f7fcf5
23S:1734,0,#f7fcf5
23S:1735,0,#f7fcf5
23S:1736,0,#f7fcf5
23S:1737,0,#f7fcf5
23S:1738,0,#f7fcf5
23S:1739,0,#f7fcf5
23S:1740,1.5100746,#cdecc7
23S:1741,-0.7955224,#c1c2df
23S:1742,0,#f7fcf5
23S:1743,-0.2,#f3f1f7
23S:1744,-0.41529852,#e5e4f0
23S:1745,0.15671642,#f4fbf2
23S:1746,3.1977613,#7dc87e
23S:1747,-0.9738806,#aeadd3
23S:1748,-0.007462686,#fcfbfd
23S:1749,4.3320894,#3da65a
23S:1750,6.75,#00441b
23S:1751,2.8544776,#90d18d
23S:1752,3.7873135,#5bb86a
23S:1753,6.2126865,#005e26
23S:1754,6.078358,#006428
23S:1755,6.75,#00441b
23S:1756,4.466418,#38a156
23S:1757,0.9738806,#e1f3dc
23S:1758,3.6604478,#63bc6e
23S:1759,4.0708957,#4aaf61
23S:1760,2.0485075,#b7e2b1
23S:1761,0.3097015,#f1faee
23S:1762,3.563433,#68be70
23S:1763,6.5,#005020
23S:1764,4.488806,#37a055
23S:1765,0.06716418,#f6fcf4
23S:1766,1.380597,#d2edcc
23S:1767,2.675373,#99d595
23S:1768,-0.22761194,#f2f0f7
23S:1769,-0.4402985,#e3e2ef
23S:1770,-1.8843284,#5a3395
23S:1771,2.2425373,#aedea7
23S:1772,3.9067163,#53b466
23S:1773,6.75,#00441b
23S:1774,6.6156716,#004a1e
23S:1775,6.6156716,#004a1e
23S:1776,6.5,#005020
23S:1777,6.75,#00441b
23S:1778,3,#88ce87
23S:1779,6.5,#005020
23S:1780,6.75,#00441b
23S:1781,-0.45149255,#e2e2ef
23S:1782,1.6679105,#c8e9c1
23S:1783,6.6156716,#004a1e
23S:1784,5.1567163,#1f8742
23S:1785,3,#88ce87
23S:1786,6.6156716,#004a1e
23S:1787,6.6156716,#004a1e
23S:1788,6.5,#005020
23S:1789,6.75,#00441b
23S:1790,0.048507463,#f6fcf4
23S:1791,6.75,#00441b
23S:1792,6.347015,#005723
23S:1793,2.369403,#a9dca3
23S:1794,1.2238806,#d8f0d2
23S:1795,2.3507462,#a9dca3
23S:1796,-1.4402986,#7d78b7
23S:1797,2.7947762,#94d390
23S:1798,0.5895522,#ebf7e7
23S:1799,6.75,#00441b
23S:1800,6.75,#00441b
23S:1801,0.7835821,#e7f6e2
23S:1802,6.5,#005020
23S:1803,0.5,#edf8e9
23S:1804,-0.007462686,#fcfbfd
23S:1805,-0.36940297,#e8e7f2
23S:1806,5.272388,#1a843f
23S:1807,6.6156716,#004a1e
23S:1808,0.82835823,#e5f5e1
23S:1809,6.373134,#005622
23S:1810,6.75,#00441b
23S:1811,5.630597,#0b7734
23S:1812,-0.36940297,#e8e7f2
23S:1813,-0.007462686,#fcfbfd
23S:1814,-2.175373,#440a82
23S:1815,-1.9514925,#552890
23S:1816,0.17910448,#f4fbf1
23S:1817,6.75,#00441b
23S:1818,6.5,#005020
23S:1819,6.75,#00441b
23S:1820,-0.75,#c6c7e1
23S:1821,0.5895522,#ebf7e7
23S:1822,2.9701493,#8ace88
23S:1823,1.4850746,#ceecc8
23S:1824,2.3507462,#a9dca3
23S:1825,0.22761194,#f2faf0
23S:1826,2.369403,#a9dca3
23S:1827,4.1902986,#43ac5e
23S:1828,6,#00682a
23S:1829,6.75,#00441b
23S:1830,-0.28731343,#efedf5
23S:1831,-0.6828358,#cecee5
23S:1832,6.75,#00441b
23S:1833,6.6156716,#004a1e
23S:1834,6.75,#00441b
23S:1835,6.75,#00441b
23S:1836,4.25,#3fa95c
23S:1837,5.75,#067230
23S:1838,6.75,#00441b
23S:1839,-0.77238804,#c4c5e0
23S:1840,4.152985,#45ad5f
23S:1841,6.75,#00441b
23S:1842,6.75,#00441b
23S:1843,4.152985,#45ad5f
23S:1844,0.23134328,#f2faf0
23S:1845,5.5186567,#107a37
23S:1846,6.6156716,#004a1e
23S:1847,-2.1231344,#481185
23S:1848,5,#258d47
23S:1849,-1.4328358,#7d78b7
23S:1850,1.8097014,#c2e7bb
23S:1851,6.75,#00441b
23S:1852,-1.7649254,#64459e
23S:1853,6.75,#00441b
23S:1854,6.6156716,#004a1e
23S:1855,-0.8358209,#bdbedc
23S:1856,-0.9477612,#b1b1d5
23S:1857,-2.25,#3f007d
23S:1858,-1.4029851,#807dba
23S:1859,-1.2276119,#9390c3
23S:1860,2.313433,#abdda5
23S:1861,2.652985,#9bd696
23S:1862,0,#f7fcf5
23S:1863,0,#f7fcf5
23S:1864,0,#f7fcf5
23S:1865,0,#f7fcf5
23S:1866,0,#f7fcf5
23S:1867,0,#f7fcf5
23S:1868,0,#f7fcf5
23S:1869,-0.5932836,#d7d7e9
23S:1870,-0.21455224,#f2f0f7
23S:1871,-0.9067164,#b5b5d7
23S:1872,4.7350745,#2f974e
23S:1873,0,#f7fcf5
23S:1874,0,#f7fcf5
23S:1875,0,#f7fcf5
23S:1876,0,#f7fcf5
23S:1877,0,#f7fcf5
23S:1878,0,#f7fcf5
23S:1879,0,#f7fcf5
23S:1880,0,#f7fcf5
23S:1881,-1.5783582,#7262ac
23S:1882,-0.5335821,#dcdcec
23S:1883,-0.003731343,#fcfbfd
23S:1884,0.8134328,#e6f5e1
23S:1885,-2.0037313,#51228d
23S:1886,-2.130597,#481084
23S:1887,1.7276119,#c6e8bf
23S:1888,5.279851,#19833e
23S:1889,6.75,#00441b
23S:1890,6.75,#00441b
23S:1891,6.75,#00441b
23S:1892,1.8097014,#c2e7bb
23S:1893,-1.4328358,#7d78b7
23S:1894,6.6156716,#004a1e
23S:1895,5.5186567,#107a37
23S:1896,0.23134328,#f2faf0
23S:1897,4.152985,#45ad5f
23S:1898,6.25,#005b25
23S:1899,2.063433,#b6e2af
23S:1900,6.75,#00441b
23S:1901,6.75,#00441b
23S:1902,4.152985,#45ad5f
23S:1903,5.75,#067230
23S:1904,4.25,#3fa95c
23S:1905,6.75,#00441b
23S:1906,6.6156716,#004a1e
23S:1907,6.75,#00441b
23S:1908,-2.25,#3f007d
23S:1909,-1.5783582,#7262ac
23S:1910,6.6156716,#004a1e
23S:1911,6.75,#00441b
23S:1912,6.75,#00441b
23S:1913,6.75,#00441b
23S:1914,6.75,#00441b
23S:1915,6.369403,#005622
23S:1916,3.9440298,#52b365
23S:1917,6.75,#00441b
23S:1918,-0.10074627,#f8f6fa
23S:1919,6.75,#00441b
23S:1920,6.6156716,#004a1e
23S:1921,-1.5783582,#7262ac
23S:1922,-2.25,#3f007d
23S:1923,6.75,#00441b
23S:1924,6.6156716,#004a1e
23S:1925,-2.25,#3f007d
23S:1926,6.25,#005b25
23S:1927,6.75,#00441b
23S:1928,6.75,#00441b
23S:1929,6.75,#00441b
23S:1930,6.75,#00441b
23S:1931,6.75,#00441b
23S:1932,6.75,#00441b
23S:1933,6.75,#00441b
23S:1934,6.75,#00441b
23S:1935,4.25,#3fa95c
23S:1936,2,#bae3b3
23S:1937,6.75,#00441b
23S:1938,2.7350745,#97d492
23S:1939,6.75,#00441b
23S:1940,-1.261194,#8f8cc1
23S:1941,6.75,#00441b
23S:1942,6.75,#00441b
23S:1943,6.75,#00441b
23S:1944,6.25,#005b25
23S:1945,6.75,#00441b
23S:1946,0.75,#e7f6e3
23S:1947,6.75,#00441b
23S:1948,6.4813433,#005120
23S:1949,2.25,#aedea7
23S:1950,0.8171642,#e6f5e1
23S:1951,6.123134,#006227
23S:1952,5,#258d47
23S:1953,6.75,#00441b
23S:1954,2.9328358,#8bcf89
23S:1955,6.5,#005020
23S:1956,0.49253732,#edf8e9
23S:1957,2.25,#aedea7
23S:1958,6.6156716,#004a1e
23S:1959,6.75,#00441b
23S:1960,0.75,#e7f6e3
23S:1961,6.75,#00441b
23S:1962,-0.75,#c6c7e1
23S:1963,3.358209,#75c477
23S:1964,6.75,#00441b
23S:1965,6.75,#00441b
23S:1966,6.55,#004d1f
23S:1967,-1.8093283,#613f9a
23S:1968,6.75,#00441b
23S:1969,6.75,#00441b
23S:1970,6.75,#00441b
23S:1971,3.5429103,#6abf71
23S:1972,6.6156716,#004a1e
23S:1973,6.75,#00441b
23S:1974,-0.6902985,#cdcde4
23S:1975,-0.79477614,#c1c2df
23S:1976,1.0522388,#def2d9
23S:1977,6.75,#00441b
23S:1978,6.75,#00441b
23S:1979,3.9067163,#53b466
23S:1980,6.0037313,#00682a
23S:1981,6,#00682a
23S:1982,-2.033582,#4f1d8b
23S:1983,-0.76492536,#c4c5e0
23S:1984,1.5746269,#cbebc5
23S:1985,2.563433,#9fd899
23S:1986,1.380597,#d2edcc
23S:1987,-0.026119404,#fbfafc
23S:1988,2.9067163,#8dd08a
23S:1989,2.4291046,#a5db9f
23S:1990,6.6156716,#004a1e
23S:1991,6.75,#00441b
23S:1992,6.75,#00441b
23S:1993,6.75,#00441b
23S:1994,6.75,#00441b
23S:1995,-2.25,#3f007d
23S:1996,5.5410447,#0e7936
23S:1997,-0.108208954,#f7f6fa
23S:1998,1.6529851,#c9eac2
23S:1999,1.6007463,#cbeac4
23S:2000,2.869403,#90d18d
23S:2001,-0.6791045,#cecee5
23S:2002,1.5410448,#ccebc6
23S:2003,0.25746268,#f2faef
23S:2004,2.3619404,#a9dca3
23S:2005,1.9440298,#bce4b5
23S:2006,4.350746,#3ca559
23S:2007,-1.0410448,#a7a4ce
23S:2008,5.8880596,#006d2c
23S:2009,0.99626863,#e0f3db
23S:2010,5,#258d47
23S:2011,2.7014925,#98d594
23S:2012,6.75,#00441b
23S:2013,6.75,#00441b
23S:2014,6.5,#005020
23S:2015,-1,#acaad1
23S:2016,-0.75,#c6c7e1
23S:2017,1.1865672,#d9f0d3
23S:2018,0,#f7fcf5
23S:2019,0.67164177,#e9f7e5
23S:2020,-1.9589552,#552890
23S:2021,0.1761194,#f4fbf1
23S:2022,4.25,#3fa95c
23S:2023,-0.4216418,#e5e4f0
23S:2024,1.0932835,#dcf2d7
23S:2025,1.4589552,#cfecc9
23S:2026,-0.8134328,#bfc0de
23S:2027,6.75,#00441b
23S:2028,6.25,#005b25
23S:2029,5.455224,#137d39
23S:2030,-1.8768656,#5b3495
23S:2031,4.675373,#309950
23S:2032,1.6977612,#c7e9c0
23S:2033,6.75,#00441b
23S:2034,-1.7425373,#65489f
23S:2035,0.3619403,#f0f9ec
23S:2036,6.75,#00441b
23S:2037,-0.78731346,#c2c3df
23S:2038,1.4589552,#cfecc9
23S:2039,1.108209,#dbf1d6
23S:2040,-0.4216418,#e5e4f0
23S:2041,-2.25,#3f007d
23S:2042,3.6492538,#63bc6e
23S:2043,5.869403,#016e2d
23S:2044,2.4850745,#a3da9d
23S:2045,4.0149255,#4db163
23S:2046,-2.25,#3f007d
23S:2047,3.7425373,#5eb96b
23S:2048,0.8507463,#e5f5e0
23S:2049,1.5746269,#cbebc5
23S:2050,0.37686568,#eff9ec
23S:2051,-1.0261194,#a9a7cf
23S:2052,1.3208956,#d4eece
23S:2053,5.5,#117b38
23S:2054,4.25,#3fa95c
23S:2055,-1,#acaad1
23S:2056,5.675373,#097532
23S:2057,-1.880597,#5b3495
23S:2058,-2.25,#3f007d
23S:2059,6.6156716,#004a1e
23S:2060,6.75,#00441b
23S:2061,6.75,#00441b
23S:2062,6,#00682a
23S:2063,6.75,#00441b
23S:2064,6.75,#00441b
23S:2065,6.75,#00441b
23S:2066,3.8955224,#55b567
23S:2067,3.175373,#7fc97f
23S:2068,6.1320896,#006227
23S:2069,4.8097014,#2c944c
23S:2070,0.6231343,#eaf7e6
23S:2071,6.75,#00441b
23S:2072,0.53731346,#ecf8e8
23S:2073,6.5,#005020
23S:2074,6.75,#00441b
23S:2075,6.75,#00441b
23S:2076,4.828358,#2b934b
23S:2077,6.75,#00441b
23S:2078,6.75,#00441b
23S:2079,4.182836,#43ac5e
23S:2080,2.0485075,#b7e2b1
23S:2081,0.03358209,#f6fcf4
23S:2082,6.75,#00441b
23S:2083,5.675373,#097532
23S:2084,3.988806,#4eb264
23S:2085,-0.23507462,#f1f0f6
23S:2086,6,#00682a
23S:2087,3.1231344,#81ca81
23S:2088,-1.0485075,#a6a3cd
23S:2089,2.3544776,#a9dca3
23S:2090,-1.75,#65479e
23S:2091,2.2126865,#b0dfaa
23S:2092,6.4813433,#005120
23S:2093,6.75,#00441b
23S:2094,0.91791046,#e3f4de
23S:2095,-0.4067164,#e6e5f1
23S:2096,0.063432835,#f6fcf4
23S:2097,0.9589552,#e1f3dc
23S:2098,-1.011194,#aaa8d0
23S:2099,0.5298507,#ecf8e8
23S:2100,5.6343284,#0b7734
23S:2101,2.5932837,#9ed798
23S:2102,0.2761194,#f1faee
23S:2103,-0.07462686,#f9f7fb
23S:2104,-0.48880598,#e0dfee
23S:2105,0.3022388,#f1faee
23S:2106,0.7201493,#e8f6e3
23S:2107,-0.36940297,#e8e7f2
23S:2108,-0.22014925,#f2f0f7
23S:2109,6.25,#005b25
23S:2110,6.25,#005b25
23S:2111,1.7014925,#c7e9c0
23S:2112,3.3843284,#73c476
23S:2113,1.3470149,#d3eecd
23S:2114,6.75,#00441b
23S:2115,6.75,#00441b
23S:2116,-0.8507463,#bcbddc
23S:2117,-0.75,#c6c7e1
23S:2118,6.75,#00441b
23S:2119,6.75,#00441b
23S:2120,6.5,#005020
23S:2121,5.0485077,#238b45
23S:2122,4.4402986,#39a257
23S:2123,2.675373,#99d595
23S:2124,6.75,#00441b
23S:2125,5.8656716,#016e2d
23S:2126,6.75,#00441b
23S:2127,6.6156716,#004a1e
23S:2128,0.67537314,#e9f7e5
23S:2129,4.75,#2e964d
23S:2130,-1.2126865,#9591c4
23S:2131,1.9552239,#bbe4b4
23S:2132,0.8455224,#e5f5e0
23S:2133,4.5,#37a055
23S:2134,6.5,#005020
23S:2135,2.835821,#91d28e
23S:2136,1.8656716,#c0e6b9
23S:2137,2.6604478,#9bd696
23S:2138,-0.03358209,#fbfafc
23S:2139,0.02238806,#f7fcf5
23S:2140,0.5261194,#ecf8e8
23S:2141,0.1119403,#f5fbf2
23S:2142,-0.42537314,#e4e3f0
23S:2143,4.623134,#329b51
23S:2144,1.6231344,#caeac3
23S:2145,3.8395522,#58b668
23S:2146,2.5373135,#a0d99b
23S:2147,1.7014925,#c7e9c0
23S:2148,6.347015,#005723
23S:2149,0,#f7fcf5
23S:2150,-0.45074627,#e2e2ef
23S:2151,-0.07089552,#f9f7fb
23S:2152,0.1380597,#f4fbf2
23S:2153,0.16044776,#f4fbf1
23S:2154,2.5298507,#a2d99c
23S:2155,1.4029851,#d1edcb
23S:2156,4.4067163,#3aa357
23S:2157,5.977612,#00692a
23S:2158,6.3201494,#005924
23S:2159,4.915672,#289049
23S:2160,0.630597,#eaf7e6
23S:2161,6.75,#00441b
23S:2162,2.119403,#b4e1ad
23S:2163,0.20895523,#f3faf0
23S:2164,2.4962687,#a3da9d
23S:2165,0.2238806,#f2faf0
23S:2166,-0.7574627,#c5c6e1
23S:2167,6.75,#00441b
23S:2168,6.75,#00441b
23S:2169,3.761194,#5db96b
23S:2170,2.4962687,#a3da9d
23S:2171,6.75,#00441b
23S:2172,-0.75,#c6c7e1
23S:2173,6.75,#00441b
23S:2174,6.75,#00441b
23S:2175,2.675373,#99d595
23S:2176,4.4402986,#39a257
23S:2177,5.0485077,#238b45
23S:2178,4.578358,#349d53
23S:2179,6.25,#005b25
23S:2180,1.4962686,#ceecc8
23S:2181,-0.104477614,#f8f6fa
23S:2182,-0.71268654,#cacae3
23S:2183,0.26865673,#f1faee
23S:2184,0.04477612,#f6fcf4
23S:2185,0.048507463,#f6fcf4
23S:2186,0.37686568,#eff9ec
23S:2187,-0.26492536,#f0eef5
23S:2188,0.9067164,#e3f4de
23S:2189,2.8022387,#92d28f
23S:2190,2.0932837,#b5e1ae
23S:2191,-1.130597,#9e9ac8
23S:2192,0.880597,#e4f5df
23S:2193,0.25,#f2faef
23S:2194,-0.8955224,#b7b7d9
23S:2195,0.08955224,#f5fbf3
23S:2196,6.75,#00441b
23S:2197,6.75,#00441b
23S:2198,3.152985,#80ca80
23S:2199,6.75,#00441b
23S:2200,6.369403,#005622
23S:2201,2.1231344,#b4e1ad
23S:2202,0.71119404,#e8f6e4
23S:2203,0,#f7fcf5
23S:2204,-0.77313435,#c4c5e0
23S:2205,0,#f7fcf5
23S:2206,0,#f7fcf5
23S:2207,0,#f7fcf5
23S:2208,0,#f7fcf5
23S:2209,0,#f7fcf5
23S:2210,0,#f7fcf5
23S:2211,0,#f7fcf5
23S:2212,0.48880598,#edf8e9
23S:2213,0.16044776,#f4fbf1
23S:2214,-1.0858209,#a29fcb
23S:2215,0,#f7fcf5
23S:2216,0,#f7fcf5
23S:2217,0,#f7fcf5
23S:2218,0,#f7fcf5
23S:2219,0,#f7fcf5
23S:2220,-0.58619404,#d8d8ea
23S:2221,1.8298508,#c1e6ba
23S:2222,2.0671642,#b6e2af
23S:2223,5.2313433,#1c8540
23S:2224,5.421642,#147e3a
23S:2225,6.75,#00441b
23S:2226,6.75,#00441b
23S:2227,4.182836,#43ac5e
23S:2228,0.41044775,#eff9eb
23S:2229,-1.75,#65479e
23S:2230,5.0597014,#238b45
23S:2231,-1.0559702,#a5a2cd
23S:2232,-0.14552239,#f5f4f9
23S:2233,0.41417912,#eff9eb
23S:2234,6.75,#00441b
23S:2235,4.0634327,#4aaf61
23S:2236,3.7686567,#5db96b
23S:2237,5.100746,#218944
23S:2238,6.75,#00441b
23S:2239,6.6156716,#004a1e
23S:2240,1.6455224,#c9eac2
23S:2241,4.182836,#43ac5e
23S:2242,6.75,#00441b
23S:2243,6.75,#00441b
23S:2244,6.75,#00441b
23S:2245,5.25,#1a843f
23S:2246,5.94403,#006b2b
23S:2247,-0.75,#c6c7e1
23S:2248,4.75,#2e964d
23S:2249,6.75,#00441b
23S:2250,6.75,#00441b
23S:2251,6.75,#00441b
23S:2252,6.75,#00441b
23S:2253,6.75,#00441b
23S:2254,6.347015,#005723
23S:2255,6.75,#00441b
23S:2256,4.75,#2e964d
23S:2257,-0.25,#f1eff6
23S:2258,5.94403,#006b2b
23S:2259,1.4776119,#ceecc8
23S:2260,6.75,#00441b
23S:2261,4.5,#37a055
23S:2262,-1.25,#908dc2
23S:2263,0.5,#edf8e9
23S:2264,3,#88ce87
23S:2265,-1.8470149,#5d3897
23S:2266,6.75,#00441b
23S:2267,5.5,#117b38
23S:2268,6.5,#005020
23S:2269,0.8022388,#e6f5e1
23S:2270,0.47014925,#edf8ea
23S:2271,1,#e0f3db
23S:2272,5.75,#067230
23S:2273,6.75,#00441b
23S:2274,0.06716418,#f6fcf4
23S:2275,6.75,#00441b
23S:2276,0.75,#e7f6e3
23S:2277,0.5,#edf8e9
23S:2278,-1.5,#796eb2
23S:2279,4.5,#37a055
23S:2280,6.75,#00441b
23S:2281,1.4365672,#d0edca
23S:2282,5.6156716,#0c7735
23S:2283,3.835821,#58b668
23S:2284,0.49626866,#edf8e9
23S:2285,6.347015,#005723
23S:2286,0.8208955,#e5f5e1
23S:2287,6.75,#00441b
23S:2288,4.1791043,#43ac5e
23S:2289,6.75,#00441b
23S:2290,4.7014923,#2f984f
23S:2291,6,#00682a
23S:2292,-0.26865673,#f0eef5
23S:2293,-0.50373137,#dedeed
23S:2294,0.6119403,#eaf7e6
23S:2295,6.373134,#005622
23S:2296,6.75,#00441b
23S:2297,4.600746,#339c52
23S:2298,5.675373,#097532
23S:2299,2.7089553,#98d594
23S:2300,0.49253732,#edf8e9
23S:2301,0.6119403,#eaf7e6
23S:2302,-1.8507463,#5d3897
23S:2303,5.1380596,#208843
23S:2304,5.3843284,#157f3b
23S:2305,4.802239,#2c944c
23S:2306,2.585821,#9ed798
23S:2307,0.06716418,#f6fcf4
23S:2308,6.75,#00441b
23S:2309,4.130597,#46ae60
23S:2310,3.5932837,#66bd6f
23S:2311,4.5,#37a055
23S:2312,2.0152986,#b8e3b2
23S:2313,4.1787314,#43ac5e
23S:2314,-1.9317164,#572c92
23S:2315,0.6664179,#e9f7e5
23S:2316,0.36567163,#f0f9ec
23S:2317,2.0522387,#b7e2b1
23S:2318,4.432836,#39a257
23S:2319,0.6567164,#e9f7e5
23S:2320,2.5373135,#a0d99b
23S:2321,4.600746,#339c52
23S:2322,6.4813433,#005120
23S:2323,6.75,#00441b
23S:2324,4.6679106,#309950
23S:2325,5.8656716,#016e2d
23S:2326,2.8097014,#92d28f
23S:2327,6.75,#00441b
23S:2328,6.6156716,#004a1e
23S:2329,-0.9402985,#b2b2d5
23S:2330,2.272388,#acdea6
23S:2331,6.25,#005b25
23S:2332,5.675373,#097532
23S:2333,6.75,#00441b
23S:2334,0.026119404,#f7fcf5
23S:2335,6.75,#00441b
23S:2336,6,#00682a
23S:2337,6.6156716,#004a1e
23S:2338,0.64179105,#e9f7e5
23S:2339,-0.50373137,#dedeed
23S:2340,-0.13432837,#f6f4f9
23S:2341,6.75,#00441b
23S:2342,4.7014923,#2f984f
23S:2343,0.73134327,#e8f6e3
23S:2344,6.75,#00441b
23S:2345,5.1380596,#208843
23S:2346,6.75,#00441b
23S:2347,6.75,#00441b
23S:2348,0.5,#edf8e9
23S:2349,3,#88ce87
23S:2350,-0.85820895,#bbbbdb
23S:2351,1.630597,#caeac3
23S:2352,-1.5,#796eb2
23S:2353,-2.25,#3f007d
23S:2354,-1.3283582,#8885be
23S:2355,0.9664179,#e1f3dc
23S:2356,0.104477614,#f5fbf3
23S:2357,-0.79850745,#c1c2df
23S:2358,4.891791,#29914a
23S:2359,3.402985,#72c375
23S:2360,3.0186567,#87cd86
23S:2361,1.9440298,#bce4b5
23S:2362,3.3619404,#75c477
23S:2363,-1.3283582,#8885be
23S:2364,-2.25,#3f007d
23S:2365,1.380597,#d2edcc
23S:2366,-2.1940298,#430780
23S:2367,1.130597,#dbf1d6
23S:2368,3,#88ce87
23S:2369,0.5,#edf8e9
23S:2370,6.75,#00441b
23S:2371,0.5932836,#ebf7e7
23S:2372,-0.09701493,#f8f6fa
23S:2373,0.69402987,#e8f6e4
23S:2374,3.3507462,#75c477
23S:2375,6.75,#00441b
23S:2376,6.75,#00441b
23S:2377,6.5,#005020
23S:2378,6.75,#00441b
23S:2379,3.3507462,#75c477
23S:2380,0.69402987,#e8f6e4
23S:2381,-0.09701493,#f8f6fa
23S:2382,3,#88ce87
23S:2383,6.347015,#005723
23S:2384,0.43656716,#eef8ea
23S:2385,2.272388,#acdea6
23S:2386,-0.9402985,#b2b2d5
23S:2387,6.6156716,#004a1e
23S:2388,6.75,#00441b
23S:2389,5.25,#1a843f
23S:2390,-2.25,#3f007d
23S:2391,6.75,#00441b
23S:2392,6.5,#005020
23S:2393,-1.9813433,#53258e
23S:2394,6.75,#00441b
23S:2395,3.3507462,#75c477
23S:2396,-1.9738806,#53268f
23S:2397,-1.9141791,#582f93
23S:2398,1.75,#c4e8bd
23S:2399,3.4813433,#6dc072
23S:2400,-1.9141791,#582f93
23S:2401,-2.25,#3f007d
23S:2402,-0.003731343,#fcfbfd
23S:2403,5.2350745,#1c8540
23S:2404,2.033582,#b7e2b1
23S:2405,-1.1753731,#9995c6
23S:2406,0.15671642,#f4fbf2
23S:2407,-2.0261195,#4f1f8b
23S:2408,1.9365672,#bce4b5
23S:2409,4.5,#37a055
23S:2410,3.75,#5db96b
23S:2411,-2.0037313,#51228d
23S:2412,-2.25,#3f007d
23S:2413,3.9813433,#50b264
23S:2414,5.261194,#1a843f
23S:2415,6.25,#005b25
23S:2416,-0.49253732,#dfdfed
23S:2417,5.6843286,#097532
23S:2418,-1.4671642,#7b74b5
23S:2419,-1.4552239,#7c75b6
23S:2420,-2.1716418,#440a82
23S:2421,1.9328358,#bce4b5
23S:2422,0.1716418,#f4fbf1
23S:2423,-2.25,#3f007d
23S:2424,-0.25373134,#f1eff6
23S:2425,-1.5,#796eb2
23S:2426,6.119403,#006227
23S:2427,5.6156716,#0c7735
23S:2428,-1.630597,#6e5aa8
23S:2429,6.6156716,#004a1e
23S:2430,6.75,#00441b
23S:2431,-2.25,#3f007d
23S:2432,0,#f7fcf5
23S:2433,0,#f7fcf5
23S:2434,6.75,#00441b
23S:2435,6.75,#00441b
23S:2436,6.5,#005020
23S:2437,-0.76865673,#c4c5e0
23S:2438,6.75,#00441b
23S:2439,6.75,#00441b
23S:2440,6.75,#00441b
23S:2441,0.6231343,#eaf7e6
23S:2442,4.828358,#2b934b
23S:2443,3.1156716,#81ca81
23S:2444,3.5298507,#6bc072
23S:2445,6.75,#00441b
23S:2446,6.75,#00441b
23S:2447,6,#00682a
23S:2448,6,#00682a
23S:2449,6.75,#00441b
23S:2450,6.75,#00441b
23S:2451,6.75,#00441b
23S:2452,5.75,#067230
23S:2453,4,#4eb264
23S:2454,6.75,#00441b
23S:2455,0,#f7fcf5
23S:2456,-1.5074627,#786db2
23S:2457,6.75,#00441b
23S:2458,-1.2649254,#8f8cc1
23S:2459,-1.9813433,#53258e
23S:2460,6.75,#00441b
23S:2461,2.2425373,#aedea7
23S:2462,-1.2425373,#918ec2
23S:2463,4.817164,#2c944c
23S:2464,1.0858209,#dcf2d7
23S:2465,-0.8619403,#babadb
23S:2466,-2.25,#3f007d
23S:2467,6.25,#005b25
23S:2468,3.0410447,#86cc85
23S:2469,6.75,#00441b
23S:2470,6.5,#005020
23S:2471,6.347015,#005723
23S:2472,6.75,#00441b
23S:2473,0.66791046,#e9f7e5
23S:2474,-0.07089552,#f9f7fb
23S:2475,6.75,#00441b
23S:2476,4.891791,#29914a
23S:2477,2.4738805,#a4da9e
23S:2478,6.75,#00441b
23S:2479,6.347015,#005723
23S:2480,6.75,#00441b
23S:2481,6.75,#00441b
23S:2482,6.347015,#005723
23S:2483,6.75,#00441b
23S:2484,-2.25,#3f007d
23S:2485,-0.97761196,#aeacd2
23S:2486,1.1604477,#daf0d4
23S:2487,4.817164,#2c944c
23S:2488,-1.1679105,#9a96c6
23S:2489,2.2425373,#aedea7
23S:2490,6.75,#00441b
23S:2491,1,#e0f3db
23S:2492,6.75,#00441b
23S:2493,6.4813433,#005120
23S:2494,6.75,#00441b
23S:2495,-1.5074627,#786db2
23S:2496,-2.25,#3f007d
23S:2497,6.75,#00441b
23S:2498,6.75,#00441b
23S:2499,4.25,#3fa95c
23S:2500,6,#00682a
23S:2501,6,#00682a
23S:2502,6.6156716,#004a1e
23S:2503,6.25,#005b25
23S:2504,6,#00682a
23S:2505,6.75,#00441b
23S:2506,6.75,#00441b
23S:2507,6.75,#00441b
23S:2508,6.75,#00441b
23S:2509,5.152985,#1f8742
23S:2510,2,#bae3b3
23S:2511,6.75,#00441b
23S:2512,5.75,#067230
23S:2513,-2.25,#3f007d
23S:2514,4.5,#37a055
23S:2515,2.5,#a3da9d
23S:2516,-2.097015,#4a1587
23S:2517,6,#00682a
23S:2518,6.75,#00441b
23S:2519,4.8097014,#2c944c
23S:2520,6.75,#00441b
23S:2521,6.5,#005020
23S:2522,6.75,#00441b
23S:2523,6.6156716,#004a1e
23S:2524,5.25,#1a843f
23S:2525,-0.26865673,#f0eef5
23S:2526,0.5,#edf8e9
23S:2527,-0.41791046,#e5e4f0
23S:2528,6.078358,#006428
23S:2529,6.75,#00441b
23S:2530,-2.1156716,#491285
23S:2531,6.75,#00441b
23S:2532,6.25,#005b25
23S:2533,0.7201493,#e8f6e3
23S:2534,2.9813433,#88ce87
23S:2535,6.078358,#006428
23S:2536,-0.6641791,#cfd0e6
23S:2537,-1.75,#65479e
23S:2538,-0.26865673,#f0eef5
23S:2539,5.25,#1a843f
23S:2540,6.369403,#005622
23S:2541,6.75,#00441b
23S:2542,6.75,#00441b
23S:2543,6.75,#00441b
23S:2544,6.5,#005020
23S:2545,6.75,#00441b
23S:2546,6.75,#00441b
23S:2547,-1.9813433,#53258e
23S:2548,-0.38432837,#e8e6f2
23S:2549,6.75,#00441b
23S:2550,6.75,#00441b
23S:2551,1.5,#ceecc8
23S:2552,6.75,#00441b
23S:2553,6.75,#00441b
23S:2554,4.25,#3fa95c
23S:2555,4.5,#37a055
23S:2556,6.75,#00441b
23S:2557,6,#00682a
23S:2558,6.75,#00441b
23S:2559,6.75,#00441b
23S:2560,-0.38432837,#e8e6f2
23S:2561,2.8208954,#92d28f
23S:2562,6.75,#00441b
23S:2563,6.6156716,#004a1e
23S:2564,6.75,#00441b
23S:2565,6.75,#00441b
23S:2566,6.5,#005020
23S:2567,6,#00682a
23S:2568,-2.097015,#4a1587
23S:2569,4,#4eb264
23S:2570,6.369403,#005622
23S:2571,-2.25,#3f007d
23S:2572,1.25,#d7efd1
23S:2573,6.75,#00441b
23S:2574,6,#00682a
23S:2575,1.9141791,#bde5b6
23S:2576,6.75,#00441b
23S:2577,6.75,#00441b
23S:2578,6.75,#00441b
23S:2579,5.152985,#1f8742
23S:2580,6.75,#00441b
23S:2581,6.75,#00441b
23S:2582,6.75,#00441b
23S:2583,6.75,#00441b
23S:2584,6.75,#00441b
23S:2585,6.75,#00441b
23S:2586,1.6679105,#c8e9c1
23S:2587,6.75,#00441b
23S:2588,4.925373,#289049
23S:2589,6,#00682a
23S:2590,-1.1641791,#9a96c6
23S:2591,6.75,#00441b
23S:2592,6.75,#00441b
23S:2593,6.5,#005020
23S:2594,6.75,#00441b
23S:2595,6.75,#00441b
23S:2596,4.526119,#369f54
23S:2597,6.75,#00441b
23S:2598,6.75,#00441b
23S:2599,6.75,#00441b
23S:2600,6.5,#005020
23S:2601,6.75,#00441b
23S:2602,6.75,#00441b
23S:2603,6.525,#004e1f
23S:2604,-1.1641791,#9a96c6
23S:2605,6,#00682a
23S:2606,3.7462687,#5db96b
23S:2607,6.75,#00441b
23S:2608,6.75,#00441b
23S:2609,2.75,#95d391
23S:2610,0.5522388,#ecf8e8
23S:2611,-1.880597,#5b3495
23S:2612,5.94403,#006b2b
23S:2613,6.75,#00441b
23S:2614,6.25,#005b25
23S:2615,3.75,#5db96b
23S:2616,5.5,#117b38
23S:2617,2.4626865,#a4da9e
23S:2618,1.2052239,#d9f0d3
23S:2619,1.5746269,#cbebc5
23S:2620,0.8507463,#e5f5e0
23S:2621,3.7425373,#5eb96b
23S:2622,-2.25,#3f007d
23S:2623,4.3432837,#3da65a
23S:2624,2.6977613,#98d594
23S:2625,5.9962687,#00682a
23S:2626,-0.67537314,#cecfe5
23S:2627,6.75,#00441b
23S:2628,2.7910447,#94d390
23S:2629,1.0078359,#dff3da
23S:2630,1.4208956,#d1edcb
23S:2631,6.123134,#006227
23S:2632,0,#f7fcf5
23S:2633,-0.880597,#b8b8d9
23S:2634,-0.026119404,#fbfafc
23S:2635,0.22014925,#f2faf0
23S:2636,-0.3619403,#e9e8f2
23S:2637,6.75,#00441b
23S:2638,6.75,#00441b
23S:2639,5.30597,#18823d
23S:2640,3.2910447,#79c67a
23S:2641,0.7910448,#e6f5e1
23S:2642,4.6865673,#309950
23S:2643,4.0634327,#4aaf61
23S:2644,3.2910447,#79c67a
23S:2645,2.7425373,#95d391
23S:2646,-1.369403,#8481bc
23S:2647,2.727612,#97d492
23S:2648,2.2238805,#afdfa8
23S:2649,0.64179105,#e9f7e5
23S:2650,0.79477614,#e6f5e1
23S:2651,1.25,#d7efd1
23S:2652,0.91791046,#e3f4de
23S:2653,4.75,#2e964d
23S:2654,6.6156716,#004a1e
23S:2655,6.75,#00441b
23S:2656,6.75,#00441b
23S:2657,6.75,#00441b
23S:2658,6.75,#00441b
23S:2659,6.75,#00441b
23S:2660,6.75,#00441b
23S:2661,6.373134,#005622
23S:2662,6.75,#00441b
23S:2663,6.75,#00441b
23S:2664,6.75,#00441b
23S:2665,6.75,#00441b
23S:2666,-2.25,#3f007d
23S:2667,6.6156716,#004a1e
23S:2668,1.1716418,#daf0d4
23S:2669,1.8656716,#c0e6b9
23S:2670,0.9402985,#e2f4dd
23S:2671,0.64179105,#e9f7e5
23S:2672,-0.7089552,#cbcbe3
23S:2673,1.75,#c4e8bd
23S:2674,-1.3246269,#8986be
23S:2675,-2.227612,#40027e
23S:2676,-1.8768656,#5b3495
23S:2677,1.238806,#d8f0d2
23S:2678,-0.44402984,#e3e2ef
23S:2679,-1.0410448,#a7a4ce
23S:2680,5.4813433,#127c39
23S:2681,6.75,#00441b
23S:2682,1.6156716,#caeac3
23S:2683,5.9925375,#00682a
23S:2684,6.25,#005b25
23S:2685,3.8955224,#55b567
23S:2686,6.6156716,#004a1e
23S:2687,6.75,#00441b
23S:2688,1.5335821,#ccebc6
23S:2689,4.175373,#43ac5e
23S:2690,3.7798507,#5bb86a
23S:2691,4.347015,#3da65a
23S:2692,5.4850745,#117b38
23S:2693,1.2425373,#d7efd1
23S:2694,6.75,#00441b
23S:2695,5.7574625,#067230
23S:2696,6.347015,#005723
23S:2697,5.1044774,#218944
23S:2698,6.6156716,#004a1e
23S:2699,3.0373135,#86cc85
23S:2700,0.06716418,#f6fcf4
23S:2701,0,#f7fcf5
23S:2702,5.5186567,#107a37
23S:2703,-2,#51228d
23S:2704,3.4328358,#70c274
23S:2705,5.6343284,#0b7734
23S:2706,0,#f7fcf5
23S:2707,0.13432837,#f4fbf2
23S:2708,3.272388,#79c67a
23S:2709,6.75,#00441b
23S:2710,5.1044774,#218944
23S:2711,6.347015,#005723
23S:2712,0.42611942,#eef8ea
23S:2713,0.13470149,#f4fbf2
23S:2714,6.5,#005020
23S:2715,6.75,#00441b
23S:2716,1.2425373,#d7efd1
23S:2717,5.4850745,#117b38
23S:2718,4.347015,#3da65a
23S:2719,5.675373,#097532
23S:2720,-0.75,#c6c7e1
23S:2721,5.7537313,#067230
23S:2722,6.4813433,#005120
23S:2723,6.6156716,#004a1e
23S:2724,2.686567,#99d595
23S:2725,6.25,#005b25
23S:2726,-0.33955225,#ebe9f3
23S:2727,5.675373,#097532
23S:2728,-1.0410448,#a7a4ce
23S:2729,-0.41417912,#e5e4f0
23S:2730,1.3134328,#d5efcf
23S:2731,-1.9440298,#552a90
23S:2732,-1.5149254,#776cb1
23S:2733,0,#f7fcf5
23S:2734,0.619403,#eaf7e6
23S:2735,1.7089552,#c7e9c0
23S:2736,2.2910447,#acdea6
23S:2737,5,#258d47
23S:2738,2.4291046,#a5db9f
23S:2739,6.75,#00441b
23S:2740,6.75,#00441b
23S:2741,6.75,#00441b
23S:2742,0.7201493,#e8f6e3
23S:2743,-0.048507463,#faf9fc
23S:2744,5.880597,#006d2c
23S:2745,6.6156716,#004a1e
23S:2746,6.75,#00441b
23S:2747,6.75,#00441b
23S:2748,6.75,#00441b
23S:2749,6.75,#00441b
23S:2750,2.3059702,#abdda5
23S:2751,6.75,#00441b
23S:2752,6.75,#00441b
23S:2753,6.75,#00441b
23S:2754,6.75,#00441b
23S:2755,6.347015,#005723
23S:2756,6.5,#005020
23S:2757,6.75,#00441b
23S:2758,6.5,#005020
23S:2759,6.6156716,#004a1e
23S:2760,4.567164,#349d53
23S:2761,-0.0858209,#f8f7fb
23S:2762,0.5858209,#ebf7e7
23S:2763,6.6156716,#004a1e
23S:2764,6.75,#00441b
23S:2765,6.25,#005b25
23S:2766,0.86567163,#e5f5e0
23S:2767,4.525,#369f54
23S:2768,2.491791,#a3da9d
23S:2769,1.1253731,#dbf1d6
23S:2770,-0.2738806,#efedf5
23S:2771,3.9649253,#50b264
23S:2772,4.469776,#38a156
23S:2773,0.2858209,#f1faee
23S:2774,1.9242537,#bde5b6
23S:2775,0,#f7fcf5
23S:2776,6.6,#004a1e
23S:2777,-0.82014924,#bebfdd
23S:2778,6.55,#004d1f
23S:2779,-1.1537313,#9b97c6
23S:2780,0.50895524,#ecf8e8
23S:2781,2.563433,#9fd899
23S:2782,2.164179,#b1e0ab
23S:2783,0,#f7fcf5
23S:2784,-0.7208955,#c9c9e2
23S:2785,-0.6488806,#d1d2e7
23S:2786,-0.69179106,#cdcde4
23S:2787,3.6574626,#63bc6e
23S:2788,3.6160448,#65bd6f
23S:2789,-1.7697761,#63449d
23S:2790,0.44962686,#edf8ea
23S:2791,0,#f7fcf5
23S:2792,0,#f7fcf5
23S:2793,0,#f7fcf5
23S:2794,0,#f7fcf5
23S:2795,0,#f7fcf5
23S:2796,0,#f7fcf5
23S:2797,0,#f7fcf5
23S:2798,0,#f7fcf5
23S:2799,0,#f7fcf5
23S:2800,0,#f7fcf5
23S:2801,0,#f7fcf5
23S:2802,0,#f7fcf5
23S:2803,0,#f7fcf5
23S:2804,0,#f7fcf5
23S:2805,0,#f7fcf5
23S:2806,0,#f7fcf5
23S:2807,0,#f7fcf5
23S:2808,0.62425375,#eaf7e6
23S:2809,0,#f7fcf5
23S:2810,5.1402984,#208843
23S:2811,5.8597016,#016e2d
23S:2812,2.1123135,#b4e1ad
23S:2813,0.21268657,#f2faf0
23S:2814,2.3529851,#a9dca3
23S:2815,-0.8037313,#c0c1de
23S:2816,1.6828358,#c8e9c1
23S:2817,-0.22014925,#f2f0f7
23S:2818,0.14552239,#f4fbf2
23S:2819,2.3731344,#a8dca2
23S:2820,-0.3544776,#eae8f2
23S:2821,6.75,#00441b
23S:2822,3.4179103,#72c375
23S:2823,6.6156716,#004a1e
23S:2824,-1.1753731,#9995c6
23S:2825,0.31343284,#f1faee
23S:2826,6.75,#00441b
23S:2827,2.4514925,#a5db9f
23S:2828,1.4440298,#d0edca
23S:2829,-0.13432837,#f6f4f9
23S:2830,1.2559701,#d7efd1
23S:2831,2.1791046,#b1e0ab
23S:2832,6.75,#00441b
23S:2833,3.6455224,#63bc6e
23S:2834,5.7350745,#077331
23S:2835,6.402985,#005522
23S:2836,6.444403,#005221
23S:2837,3.0727613,#84cc83
23S:2838,6.75,#00441b
23S:2839,4.25,#3fa95c
23S:2840,-0.44402984,#e3e2ef
23S:2841,1.1902986,#d9f0d3
23S:2842,0.61380595,#eaf7e6
23S:2843,4.8772388,#2a924a
23S:2844,1.9514925,#bbe4b4
23S:2845,0.11940298,#f5fbf2
23S:2846,2.5708954,#9fd899
23S:2847,6.75,#00441b
23S:2848,6.4813433,#005120
23S:2849,1.6716418,#c8e9c1
23S:2850,6,#00682a
23S:2851,3.3544776,#75c477
23S:2852,5.9962687,#00682a
23S:2853,2.4179103,#a7dba0
23S:2854,0.29850745,#f1faee
23S:2855,1.9179105,#bde5b6
23S:2856,-0.8955224,#b7b7d9
23S:2857,5.5,#117b38
23S:2858,0.32462686,#f0f9ed
23S:2859,0.9365672,#e2f4dd
23S:2860,1.75,#c4e8bd
23S:2861,-0.4074627,#e6e5f1
23S:2862,2.4179103,#a7dba0
23S:2863,0.5895522,#ebf7e7
23S:2864,2.5731344,#9fd899
23S:2865,4.421642,#3aa357
23S:2866,2.0708954,#b6e2af
23S:2867,-0.3772388,#e8e7f2
23S:2868,6.75,#00441b
23S:2869,6.75,#00441b
23S:2870,2.5708954,#9fd899
23S:2871,-0.5,#dfdfed
23S:2872,-1.6854478,#6a51a3
23S:2873,-0.97462684,#aeadd3
23S:2874,4.8832088,#29914a
23S:2875,0.71268654,#e8f6e3
23S:2876,1.1902986,#d9f0d3
23S:2877,-0.4067164,#e6e5f1
23S:2878,4.675373,#309950
23S:2879,2.585821,#9ed798
23S:2880,6.75,#00441b
23S:2881,2.977612,#8ace88
23S:2882,6.6156716,#004a1e
23S:2883,6.75,#00441b
23S:2884,1.8623134,#c0e6b9
23S:2885,0,#f7fcf5
23S:2886,3.1679103,#7fc97f
23S:2887,0.14552239,#f4fbf2
23S:2888,2.574627,#9fd899
23S:2889,4.6302238,#329b51
23S:2890,2.4410448,#a5db9f
23S:2891,2.1537313,#b2e0ac
23S:2892,0.561194,#ebf7e7
23S:2893,-0.58992535,#d7d7e9
23S:2894,0,#f7fcf5
23S:2895,-1.147015,#9c98c7
23S:2896,0.4914179,#edf8e9
23S:2897,0.9402985,#e2f4dd
23S:2898,0,#f7fcf5
23S:2899,0,#f7fcf5
23S:2900,0,#f7fcf5
23S:2901,0,#f7fcf5
23S:2902,0,#f7fcf5
23S:2903,0,#f7fcf5
23S:2904,0,#f7fcf5
